collected_at,station,market_date,model,timezone,forecast_target,temperature_max_c,temperature_min_c,forecast_url
2026-09-10T20:12:10.598143+00:00,CYYZ,2026-09-10,open_meteo_best_match,America/Toronto,2026-09-10,25.9,15.9,https://api.open-meteo.com/v1/forecast?latitude=43.679&longitude=-79.629&daily=temperature_2m_max%2Ctemperature_2m_min&timezone=auto&start_date=2026-09-10&end_date=2026-09-12
2026-09-10T20:12:10.598163+00:00,CYYZ,2026-09-11,open_meteo_best_match,America/Toronto,2026-09-11,24.0,10.6,https://api.open-meteo.com/v1/forecast?latitude=43.679&longitude=-79.629&daily=temperature_2m_max%2Ctemperature_2m_min&timezone=auto&start_date=2026-09-10&end_date=2026-09-12
2026-09-10T20:12:10.598167+00:00,CYYZ,2026-09-12,open_meteo_best_match,America/Toronto,2026-09-12,27.0,11.4,https://api.open-meteo.com/v1/forecast?latitude=43.679&longitude=-79.629&daily=temperature_2m_max%2Ctemperature_2m_min&timezone=auto&start_date=2026-09-10&end_date=2026-09-12
2026-09-10T20:12:11.367706+00:00,CYYZ,2026-09-10,ecmwf,America/Toronto,2026-09-10,24.1,15.4,https://api.open-meteo.com/v1/ecmwf?latitude=43.679&longitude=-79.629&daily=temperature_2m_max%2Ctemperature_2m_min&timezone=auto&start_date=2026-09-10&end_date=2026-09-12
2026-09-10T20:12:11.367756+00:00,CYYZ,2026-09-11,ecmwf,America/Toronto,2026-09-11,23.3,12.3,https://api.open-meteo.com/v1/ecmwf?latitude=43.679&longitude=-79.629&daily=temperature_2m_max%2Ctemperature_2m_min&timezone=auto&start_date=2026-09-10&end_date=2026-09-12
2026-09-10T20:12:11.367762+00:00,CYYZ,2026-09-12,ecmwf,America/Toronto,2026-09-12,26.7,12.8,https://api.open-meteo.com/v1/ecmwf?latitude=43.679&longitude=-79.629&daily=temperature_2m_max%2Ctemperature_2m_min&timezone=auto&start_date=2026-09-10&end_date=2026-09-12
2026-09-10T20:12:12.135872+00:00,CYYZ,2026-09-10,gfs,America/Toronto,2026-09-10,25.9,15.9,https://api.open-meteo.com/v1/gfs?latitude=43.679&longitude=-79.629&daily=temperature_2m_max%2Ctemperature_2m_min&timezone=auto&start_date=2026-09-10&end_date=2026-09-12
2026-09-10T20:12:12.135892+00:00,CYYZ,2026-09-11,gfs,America/Toronto,2026-09-11,24.0,10.6,https://api.open-meteo.com/v1/gfs?latitude=43.679&longitude=-79.629&daily=temperature_2m_max%2Ctemperature_2m_min&timezone=auto&start_date=2026-09-10&end_date=2026-09-12
2026-09-10T20:12:12.135897+00:00,CYYZ,2026-09-12,gfs,America/Toronto,2026-09-12,27.0,11.4,https://api.open-meteo.com/v1/gfs?latitude=43.679&longitude=-79.629&daily=temperature_2m_max%2Ctemperature_2m_min&timezone=auto&start_date=2026-09-10&end_date=2026-09-12
2026-09-10T20:12:12.921667+00:00,EDDM,2026-09-10,open_meteo_best_match,Europe/Berlin,2026-09-10,18.9,8.8,https://api.open-meteo.com/v1/forecast?latitude=48.348&longitude=11.813&daily=temperature_2m_max%2Ctemperature_2m_min&timezone=auto&start_date=2026-09-10&end_date=2026-09-12
2026-09-10T20:12:12.921685+00:00,EDDM,2026-09-11,open_meteo_best_match,Europe/Berlin,2026-09-11,20.0,9.9,https://api.open-meteo.com/v1/forecast?latitude=48.348&longitude=11.813&daily=temperature_2m_max%2Ctemperature_2m_min&timezone=auto&start_date=2026-09-10&end_date=2026-09-12
2026-09-10T20:12:12.921689+00:00,EDDM,2026-09-12,open_meteo_best_match,Europe/Berlin,2026-09-12,21.7,7.9,https://api.open-meteo.com/v1/forecast?latitude=48.348&longitude=11.813&daily=temperature_2m_max%2Ctemperature_2m_min&timezone=auto&start_date=2026-09-10&end_date=2026-09-12
2026-09-10T20:12:13.697878+00:00,EDDM,2026-09-10,ecmwf,Europe/Berlin,2026-09-10,18.6,10.4,https://api.open-meteo.com/v1/ecmwf?latitude=48.348&longitude=11.813&daily=temperature_2m_max%2Ctemperature_2m_min&timezone=auto&start_date=2026-09-10&end_date=2026-09-12
2026-09-10T20:12:13.697899+00:00,EDDM,2026-09-11,ecmwf,Europe/Berlin,2026-09-11,18.7,10.6,https://api.open-meteo.com/v1/ecmwf?latitude=48.348&longitude=11.813&daily=temperature_2m_max%2Ctemperature_2m_min&timezone=auto&start_date=2026-09-10&end_date=2026-09-12
2026-09-10T20:12:13.697904+00:00,EDDM,2026-09-12,ecmwf,Europe/Berlin,2026-09-12,21.3,10.3,https://api.open-meteo.com/v1/ecmwf?latitude=48.348&longitude=11.813&daily=temperature_2m_max%2Ctemperature_2m_min&timezone=auto&start_date=2026-09-10&end_date=2026-09-12
2026-09-10T20:12:14.463152+00:00,EDDM,2026-09-10,gfs,Europe/Berlin,2026-09-10,17.9,9.7,https://api.open-meteo.com/v1/gfs?latitude=48.348&longitude=11.813&daily=temperature_2m_max%2Ctemperature_2m_min&timezone=auto&start_date=2026-09-10&end_date=2026-09-12
2026-09-10T20:12:14.463173+00:00,EDDM,2026-09-11,gfs,Europe/Berlin,2026-09-11,20.1,8.7,https://api.open-meteo.com/v1/gfs?latitude=48.348&longitude=11.813&daily=temperature_2m_max%2Ctemperature_2m_min&timezone=auto&start_date=2026-09-10&end_date=2026-09-12
2026-09-10T20:12:14.463178+00:00,EDDM,2026-09-12,gfs,Europe/Berlin,2026-09-12,21.8,9.4,https://api.open-meteo.com/v1/gfs?latitude=48.348&longitude=11.813&daily=temperature_2m_max%2Ctemperature_2m_min&timezone=auto&start_date=2026-09-10&end_date=2026-09-12
2026-09-10T20:12:15.684836+00:00,EFHK,2026-09-10,open_meteo_best_match,Europe/Helsinki,2026-09-10,18.0,13.7,https://api.open-meteo.com/v1/forecast?latitude=60.327&longitude=24.957&daily=temperature_2m_max%2Ctemperature_2m_min&timezone=auto&start_date=2026-09-10&end_date=2026-09-12
2026-09-10T20:12:15.684854+00:00,EFHK,2026-09-11,open_meteo_best_match,Europe/Helsinki,2026-09-11,16.8,9.7,https://api.open-meteo.com/v1/forecast?latitude=60.327&longitude=24.957&daily=temperature_2m_max%2Ctemperature_2m_min&timezone=auto&start_date=2026-09-10&end_date=2026-09-12
2026-09-10T20:12:15.684858+00:00,EFHK,2026-09-12,open_meteo_best_match,Europe/Helsinki,2026-09-12,17.8,8.8,https://api.open-meteo.com/v1/forecast?latitude=60.327&longitude=24.957&daily=temperature_2m_max%2Ctemperature_2m_min&timezone=auto&start_date=2026-09-10&end_date=2026-09-12
2026-09-10T20:12:16.472878+00:00,EFHK,2026-09-10,ecmwf,Europe/Helsinki,2026-09-10,16.9,11.3,https://api.open-meteo.com/v1/ecmwf?latitude=60.327&longitude=24.957&daily=temperature_2m_max%2Ctemperature_2m_min&timezone=auto&start_date=2026-09-10&end_date=2026-09-12
2026-09-10T20:12:16.472900+00:00,EFHK,2026-09-11,ecmwf,Europe/Helsinki,2026-09-11,17.0,9.3,https://api.open-meteo.com/v1/ecmwf?latitude=60.327&longitude=24.957&daily=temperature_2m_max%2Ctemperature_2m_min&timezone=auto&start_date=2026-09-10&end_date=2026-09-12
2026-09-10T20:12:16.472906+00:00,EFHK,2026-09-12,ecmwf,Europe/Helsinki,2026-09-12,15.7,7.6,https://api.open-meteo.com/v1/ecmwf?latitude=60.327&longitude=24.957&daily=temperature_2m_max%2Ctemperature_2m_min&timezone=auto&start_date=2026-09-10&end_date=2026-09-12
2026-09-10T20:12:17.268632+00:00,EFHK,2026-09-10,gfs,Europe/Helsinki,2026-09-10,17.1,11.2,https://api.open-meteo.com/v1/gfs?latitude=60.327&longitude=24.957&daily=temperature_2m_max%2Ctemperature_2m_min&timezone=auto&start_date=2026-09-10&end_date=2026-09-12
2026-09-10T20:12:17.268653+00:00,EFHK,2026-09-11,gfs,Europe/Helsinki,2026-09-11,16.8,8.4,https://api.open-meteo.com/v1/gfs?latitude=60.327&longitude=24.957&daily=temperature_2m_max%2Ctemperature_2m_min&timezone=auto&start_date=2026-09-10&end_date=2026-09-12
2026-09-10T20:12:17.268658+00:00,EFHK,2026-09-12,gfs,Europe/Helsinki,2026-09-12,16.8,6.6,https://api.open-meteo.com/v1/gfs?latitude=60.327&longitude=24.957&daily=temperature_2m_max%2Ctemperature_2m_min&timezone=auto&start_date=2026-09-10&end_date=2026-09-12
2026-09-10T20:14:19.592972+00:00,EHAM,2026-09-10,ecmwf,Europe/Amsterdam,2026-09-10,18.7,10.7,https://api.open-meteo.com/v1/ecmwf?latitude=52.315&longitude=4.79&daily=temperature_2m_max%2Ctemperature_2m_min&timezone=auto&start_date=2026-09-10&end_date=2026-09-12
2026-09-10T20:14:19.592990+00:00,EHAM,2026-09-11,ecmwf,Europe/Amsterdam,2026-09-11,19.2,13.4,https://api.open-meteo.com/v1/ecmwf?latitude=52.315&longitude=4.79&daily=temperature_2m_max%2Ctemperature_2m_min&timezone=auto&start_date=2026-09-10&end_date=2026-09-12
2026-09-10T20:14:19.592994+00:00,EHAM,2026-09-12,ecmwf,Europe/Amsterdam,2026-09-12,20.3,11.8,https://api.open-meteo.com/v1/ecmwf?latitude=52.315&longitude=4.79&daily=temperature_2m_max%2Ctemperature_2m_min&timezone=auto&start_date=2026-09-10&end_date=2026-09-12
2026-09-10T20:14:20.424315+00:00,EHAM,2026-09-10,gfs,Europe/Amsterdam,2026-09-10,19.1,12.3,https://api.open-meteo.com/v1/gfs?latitude=52.315&longitude=4.79&daily=temperature_2m_max%2Ctemperature_2m_min&timezone=auto&start_date=2026-09-10&end_date=2026-09-12
2026-09-10T20:14:20.424335+00:00,EHAM,2026-09-11,gfs,Europe/Amsterdam,2026-09-11,20.8,13.9,https://api.open-meteo.com/v1/gfs?latitude=52.315&longitude=4.79&daily=temperature_2m_max%2Ctemperature_2m_min&timezone=auto&start_date=2026-09-10&end_date=2026-09-12
2026-09-10T20:14:20.424340+00:00,EHAM,2026-09-12,gfs,Europe/Amsterdam,2026-09-12,21.5,12.8,https://api.open-meteo.com/v1/gfs?latitude=52.315&longitude=4.79&daily=temperature_2m_max%2Ctemperature_2m_min&timezone=auto&start_date=2026-09-10&end_date=2026-09-12
2026-09-10T20:14:21.195308+00:00,EPWA,2026-09-10,open_meteo_best_match,Europe/Warsaw,2026-09-10,20.1,14.0,https://api.open-meteo.com/v1/forecast?latitude=52.163&longitude=20.961&daily=temperature_2m_max%2Ctemperature_2m_min&timezone=auto&start_date=2026-09-10&end_date=2026-09-12
2026-09-10T20:14:21.195327+00:00,EPWA,2026-09-11,open_meteo_best_match,Europe/Warsaw,2026-09-11,18.1,11.2,https://api.open-meteo.com/v1/forecast?latitude=52.163&longitude=20.961&daily=temperature_2m_max%2Ctemperature_2m_min&timezone=auto&start_date=2026-09-10&end_date=2026-09-12
2026-09-10T20:14:21.195331+00:00,EPWA,2026-09-12,open_meteo_best_match,Europe/Warsaw,2026-09-12,20.7,11.7,https://api.open-meteo.com/v1/forecast?latitude=52.163&longitude=20.961&daily=temperature_2m_max%2Ctemperature_2m_min&timezone=auto&start_date=2026-09-10&end_date=2026-09-12
2026-09-10T20:14:22.136440+00:00,EPWA,2026-09-10,ecmwf,Europe/Warsaw,2026-09-10,17.8,12.1,https://api.open-meteo.com/v1/ecmwf?latitude=52.163&longitude=20.961&daily=temperature_2m_max%2Ctemperature_2m_min&timezone=auto&start_date=2026-09-10&end_date=2026-09-12
2026-09-10T20:14:22.136460+00:00,EPWA,2026-09-11,ecmwf,Europe/Warsaw,2026-09-11,16.4,9.4,https://api.open-meteo.com/v1/ecmwf?latitude=52.163&longitude=20.961&daily=temperature_2m_max%2Ctemperature_2m_min&timezone=auto&start_date=2026-09-10&end_date=2026-09-12
2026-09-10T20:14:22.136465+00:00,EPWA,2026-09-12,ecmwf,Europe/Warsaw,2026-09-12,18.7,11.6,https://api.open-meteo.com/v1/ecmwf?latitude=52.163&longitude=20.961&daily=temperature_2m_max%2Ctemperature_2m_min&timezone=auto&start_date=2026-09-10&end_date=2026-09-12
2026-09-10T20:14:22.896205+00:00,EPWA,2026-09-10,gfs,Europe/Warsaw,2026-09-10,19.6,13.7,https://api.open-meteo.com/v1/gfs?latitude=52.163&longitude=20.961&daily=temperature_2m_max%2Ctemperature_2m_min&timezone=auto&start_date=2026-09-10&end_date=2026-09-12
2026-09-10T20:14:22.896228+00:00,EPWA,2026-09-11,gfs,Europe/Warsaw,2026-09-11,18.1,11.6,https://api.open-meteo.com/v1/gfs?latitude=52.163&longitude=20.961&daily=temperature_2m_max%2Ctemperature_2m_min&timezone=auto&start_date=2026-09-10&end_date=2026-09-12
2026-09-10T20:14:22.896232+00:00,EPWA,2026-09-12,gfs,Europe/Warsaw,2026-09-12,20.2,11.1,https://api.open-meteo.com/v1/gfs?latitude=52.163&longitude=20.961&daily=temperature_2m_max%2Ctemperature_2m_min&timezone=auto&start_date=2026-09-10&end_date=2026-09-12
2026-09-10T20:14:23.675202+00:00,FACT,2026-09-10,open_meteo_best_match,Africa/Johannesburg,2026-09-10,19.1,13.9,https://api.open-meteo.com/v1/forecast?latitude=-33.965&longitude=18.602&daily=temperature_2m_max%2Ctemperature_2m_min&timezone=auto&start_date=2026-09-10&end_date=2026-09-12
2026-09-10T20:14:23.675220+00:00,FACT,2026-09-11,open_meteo_best_match,Africa/Johannesburg,2026-09-11,23.0,14.6,https://api.open-meteo.com/v1/forecast?latitude=-33.965&longitude=18.602&daily=temperature_2m_max%2Ctemperature_2m_min&timezone=auto&start_date=2026-09-10&end_date=2026-09-12
2026-09-10T20:14:23.675224+00:00,FACT,2026-09-12,open_meteo_best_match,Africa/Johannesburg,2026-09-12,21.4,15.2,https://api.open-meteo.com/v1/forecast?latitude=-33.965&longitude=18.602&daily=temperature_2m_max%2Ctemperature_2m_min&timezone=auto&start_date=2026-09-10&end_date=2026-09-12
2026-09-10T20:14:24.424803+00:00,FACT,2026-09-10,ecmwf,Africa/Johannesburg,2026-09-10,19.3,15.0,https://api.open-meteo.com/v1/ecmwf?latitude=-33.965&longitude=18.602&daily=temperature_2m_max%2Ctemperature_2m_min&timezone=auto&start_date=2026-09-10&end_date=2026-09-12
2026-09-10T20:14:24.424823+00:00,FACT,2026-09-11,ecmwf,Africa/Johannesburg,2026-09-11,19.6,15.1,https://api.open-meteo.com/v1/ecmwf?latitude=-33.965&longitude=18.602&daily=temperature_2m_max%2Ctemperature_2m_min&timezone=auto&start_date=2026-09-10&end_date=2026-09-12
2026-09-10T20:14:24.424828+00:00,FACT,2026-09-12,ecmwf,Africa/Johannesburg,2026-09-12,20.6,15.6,https://api.open-meteo.com/v1/ecmwf?latitude=-33.965&longitude=18.602&daily=temperature_2m_max%2Ctemperature_2m_min&timezone=auto&start_date=2026-09-10&end_date=2026-09-12
2026-09-10T20:14:25.173367+00:00,FACT,2026-09-10,gfs,Africa/Johannesburg,2026-09-10,19.8,14.3,https://api.open-meteo.com/v1/gfs?latitude=-33.965&longitude=18.602&daily=temperature_2m_max%2Ctemperature_2m_min&timezone=auto&start_date=2026-09-10&end_date=2026-09-12
2026-09-10T20:14:25.173387+00:00,FACT,2026-09-11,gfs,Africa/Johannesburg,2026-09-11,22.2,14.2,https://api.open-meteo.com/v1/gfs?latitude=-33.965&longitude=18.602&daily=temperature_2m_max%2Ctemperature_2m_min&timezone=auto&start_date=2026-09-10&end_date=2026-09-12
2026-09-10T20:14:25.173391+00:00,FACT,2026-09-12,gfs,Africa/Johannesburg,2026-09-12,22.0,14.7,https://api.open-meteo.com/v1/gfs?latitude=-33.965&longitude=18.602&daily=temperature_2m_max%2Ctemperature_2m_min&timezone=auto&start_date=2026-09-10&end_date=2026-09-12
2026-09-10T20:14:25.923401+00:00,KATL,2026-09-10,open_meteo_best_match,America/New_York,2026-09-10,32.4,22.5,https://api.open-meteo.com/v1/forecast?latitude=33.62972&longitude=-84.44223&daily=temperature_2m_max%2Ctemperature_2m_min&timezone=auto&start_date=2026-09-10&end_date=2026-09-12
2026-09-10T20:14:25.923418+00:00,KATL,2026-09-11,open_meteo_best_match,America/New_York,2026-09-11,30.6,23.1,https://api.open-meteo.com/v1/forecast?latitude=33.62972&longitude=-84.44223&daily=temperature_2m_max%2Ctemperature_2m_min&timezone=auto&start_date=2026-09-10&end_date=2026-09-12
2026-09-10T20:14:25.923422+00:00,KATL,2026-09-12,open_meteo_best_match,America/New_York,2026-09-12,30.4,22.9,https://api.open-meteo.com/v1/forecast?latitude=33.62972&longitude=-84.44223&daily=temperature_2m_max%2Ctemperature_2m_min&timezone=auto&start_date=2026-09-10&end_date=2026-09-12
2026-09-10T20:15:57.964077+00:00,KAUS,2026-09-10,ecmwf,America/Chicago,2026-09-10,36.7,24.7,https://api.open-meteo.com/v1/ecmwf?latitude=30.1831&longitude=-97.68063&daily=temperature_2m_max%2Ctemperature_2m_min&timezone=auto&start_date=2026-09-10&end_date=2026-09-12
2026-09-10T20:15:57.964094+00:00,KAUS,2026-09-11,ecmwf,America/Chicago,2026-09-11,36.2,24.6,https://api.open-meteo.com/v1/ecmwf?latitude=30.1831&longitude=-97.68063&daily=temperature_2m_max%2Ctemperature_2m_min&timezone=auto&start_date=2026-09-10&end_date=2026-09-12
2026-09-10T20:15:57.964097+00:00,KAUS,2026-09-12,ecmwf,America/Chicago,2026-09-12,37.8,25.8,https://api.open-meteo.com/v1/ecmwf?latitude=30.1831&longitude=-97.68063&daily=temperature_2m_max%2Ctemperature_2m_min&timezone=auto&start_date=2026-09-10&end_date=2026-09-12
2026-09-10T20:16:29.110456+00:00,KBKF,2026-09-10,open_meteo_best_match,America/Denver,2026-09-10,30.5,11.7,https://api.open-meteo.com/v1/forecast?latitude=39.713&longitude=-104.758&daily=temperature_2m_max%2Ctemperature_2m_min&timezone=auto&start_date=2026-09-10&end_date=2026-09-12
2026-09-10T20:16:29.110472+00:00,KBKF,2026-09-11,open_meteo_best_match,America/Denver,2026-09-11,31.5,15.4,https://api.open-meteo.com/v1/forecast?latitude=39.713&longitude=-104.758&daily=temperature_2m_max%2Ctemperature_2m_min&timezone=auto&start_date=2026-09-10&end_date=2026-09-12
2026-09-10T20:16:29.110476+00:00,KBKF,2026-09-12,open_meteo_best_match,America/Denver,2026-09-12,27.1,16.2,https://api.open-meteo.com/v1/forecast?latitude=39.713&longitude=-104.758&daily=temperature_2m_max%2Ctemperature_2m_min&timezone=auto&start_date=2026-09-10&end_date=2026-09-12
2026-09-10T20:16:29.859018+00:00,KBKF,2026-09-10,ecmwf,America/Denver,2026-09-10,30.8,13.3,https://api.open-meteo.com/v1/ecmwf?latitude=39.713&longitude=-104.758&daily=temperature_2m_max%2Ctemperature_2m_min&timezone=auto&start_date=2026-09-10&end_date=2026-09-12
2026-09-10T20:16:29.859037+00:00,KBKF,2026-09-11,ecmwf,America/Denver,2026-09-11,32.2,16.3,https://api.open-meteo.com/v1/ecmwf?latitude=39.713&longitude=-104.758&daily=temperature_2m_max%2Ctemperature_2m_min&timezone=auto&start_date=2026-09-10&end_date=2026-09-12
2026-09-10T20:16:29.859040+00:00,KBKF,2026-09-12,ecmwf,America/Denver,2026-09-12,28.2,15.9,https://api.open-meteo.com/v1/ecmwf?latitude=39.713&longitude=-104.758&daily=temperature_2m_max%2Ctemperature_2m_min&timezone=auto&start_date=2026-09-10&end_date=2026-09-12
2026-09-10T20:16:30.607590+00:00,KBKF,2026-09-10,gfs,America/Denver,2026-09-10,30.5,11.7,https://api.open-meteo.com/v1/gfs?latitude=39.713&longitude=-104.758&daily=temperature_2m_max%2Ctemperature_2m_min&timezone=auto&start_date=2026-09-10&end_date=2026-09-12
2026-09-10T20:16:30.607607+00:00,KBKF,2026-09-11,gfs,America/Denver,2026-09-11,31.5,15.4,https://api.open-meteo.com/v1/gfs?latitude=39.713&longitude=-104.758&daily=temperature_2m_max%2Ctemperature_2m_min&timezone=auto&start_date=2026-09-10&end_date=2026-09-12
2026-09-10T20:16:30.607611+00:00,KBKF,2026-09-12,gfs,America/Denver,2026-09-12,27.1,16.2,https://api.open-meteo.com/v1/gfs?latitude=39.713&longitude=-104.758&daily=temperature_2m_max%2Ctemperature_2m_min&timezone=auto&start_date=2026-09-10&end_date=2026-09-12
2026-09-10T20:16:31.360519+00:00,KDAL,2026-09-10,open_meteo_best_match,America/Chicago,2026-09-10,35.8,24.8,https://api.open-meteo.com/v1/forecast?latitude=32.83836&longitude=-96.83584&daily=temperature_2m_max%2Ctemperature_2m_min&timezone=auto&start_date=2026-09-10&end_date=2026-09-12
2026-09-10T20:16:31.360535+00:00,KDAL,2026-09-11,open_meteo_best_match,America/Chicago,2026-09-11,36.9,25.1,https://api.open-meteo.com/v1/forecast?latitude=32.83836&longitude=-96.83584&daily=temperature_2m_max%2Ctemperature_2m_min&timezone=auto&start_date=2026-09-10&end_date=2026-09-12
2026-09-10T20:16:31.360538+00:00,KDAL,2026-09-12,open_meteo_best_match,America/Chicago,2026-09-12,38.9,25.0,https://api.open-meteo.com/v1/forecast?latitude=32.83836&longitude=-96.83584&daily=temperature_2m_max%2Ctemperature_2m_min&timezone=auto&start_date=2026-09-10&end_date=2026-09-12
2026-09-10T20:16:32.128569+00:00,KDAL,2026-09-10,ecmwf,America/Chicago,2026-09-10,36.5,25.7,https://api.open-meteo.com/v1/ecmwf?latitude=32.83836&longitude=-96.83584&daily=temperature_2m_max%2Ctemperature_2m_min&timezone=auto&start_date=2026-09-10&end_date=2026-09-12
2026-09-10T20:16:32.128590+00:00,KDAL,2026-09-11,ecmwf,America/Chicago,2026-09-11,36.9,26.4,https://api.open-meteo.com/v1/ecmwf?latitude=32.83836&longitude=-96.83584&daily=temperature_2m_max%2Ctemperature_2m_min&timezone=auto&start_date=2026-09-10&end_date=2026-09-12
2026-09-10T20:16:32.128595+00:00,KDAL,2026-09-12,ecmwf,America/Chicago,2026-09-12,38.8,27.6,https://api.open-meteo.com/v1/ecmwf?latitude=32.83836&longitude=-96.83584&daily=temperature_2m_max%2Ctemperature_2m_min&timezone=auto&start_date=2026-09-10&end_date=2026-09-12
2026-09-10T20:16:32.880309+00:00,KDAL,2026-09-10,gfs,America/Chicago,2026-09-10,35.8,24.8,https://api.open-meteo.com/v1/gfs?latitude=32.83836&longitude=-96.83584&daily=temperature_2m_max%2Ctemperature_2m_min&timezone=auto&start_date=2026-09-10&end_date=2026-09-12
2026-09-10T20:16:32.880329+00:00,KDAL,2026-09-11,gfs,America/Chicago,2026-09-11,36.9,25.1,https://api.open-meteo.com/v1/gfs?latitude=32.83836&longitude=-96.83584&daily=temperature_2m_max%2Ctemperature_2m_min&timezone=auto&start_date=2026-09-10&end_date=2026-09-12
2026-09-10T20:16:32.880333+00:00,KDAL,2026-09-12,gfs,America/Chicago,2026-09-12,38.9,25.0,https://api.open-meteo.com/v1/gfs?latitude=32.83836&longitude=-96.83584&daily=temperature_2m_max%2Ctemperature_2m_min&timezone=auto&start_date=2026-09-10&end_date=2026-09-12
2026-09-10T20:16:33.629182+00:00,KHOU,2026-09-10,open_meteo_best_match,America/Chicago,2026-09-10,32.8,25.5,https://api.open-meteo.com/v1/forecast?latitude=29.64582&longitude=-95.28214&daily=temperature_2m_max%2Ctemperature_2m_min&timezone=auto&start_date=2026-09-10&end_date=2026-09-12
2026-09-10T20:16:33.629198+00:00,KHOU,2026-09-11,open_meteo_best_match,America/Chicago,2026-09-11,31.8,24.4,https://api.open-meteo.com/v1/forecast?latitude=29.64582&longitude=-95.28214&daily=temperature_2m_max%2Ctemperature_2m_min&timezone=auto&start_date=2026-09-10&end_date=2026-09-12
2026-09-10T20:16:33.629201+00:00,KHOU,2026-09-12,open_meteo_best_match,America/Chicago,2026-09-12,34.7,24.5,https://api.open-meteo.com/v1/forecast?latitude=29.64582&longitude=-95.28214&daily=temperature_2m_max%2Ctemperature_2m_min&timezone=auto&start_date=2026-09-10&end_date=2026-09-12
2026-09-10T20:16:34.378754+00:00,KHOU,2026-09-10,ecmwf,America/Chicago,2026-09-10,31.4,23.8,https://api.open-meteo.com/v1/ecmwf?latitude=29.64582&longitude=-95.28214&daily=temperature_2m_max%2Ctemperature_2m_min&timezone=auto&start_date=2026-09-10&end_date=2026-09-12
2026-09-10T20:16:34.378785+00:00,KHOU,2026-09-11,ecmwf,America/Chicago,2026-09-11,31.8,24.1,https://api.open-meteo.com/v1/ecmwf?latitude=29.64582&longitude=-95.28214&daily=temperature_2m_max%2Ctemperature_2m_min&timezone=auto&start_date=2026-09-10&end_date=2026-09-12
2026-09-10T20:16:34.378791+00:00,KHOU,2026-09-12,ecmwf,America/Chicago,2026-09-12,32.9,25.2,https://api.open-meteo.com/v1/ecmwf?latitude=29.64582&longitude=-95.28214&daily=temperature_2m_max%2Ctemperature_2m_min&timezone=auto&start_date=2026-09-10&end_date=2026-09-12
2026-09-10T20:16:35.131130+00:00,KHOU,2026-09-10,gfs,America/Chicago,2026-09-10,32.8,25.5,https://api.open-meteo.com/v1/gfs?latitude=29.64582&longitude=-95.28214&daily=temperature_2m_max%2Ctemperature_2m_min&timezone=auto&start_date=2026-09-10&end_date=2026-09-12
2026-09-10T20:16:35.131151+00:00,KHOU,2026-09-11,gfs,America/Chicago,2026-09-11,31.8,24.4,https://api.open-meteo.com/v1/gfs?latitude=29.64582&longitude=-95.28214&daily=temperature_2m_max%2Ctemperature_2m_min&timezone=auto&start_date=2026-09-10&end_date=2026-09-12
2026-09-10T20:16:35.131156+00:00,KHOU,2026-09-12,gfs,America/Chicago,2026-09-12,34.7,24.5,https://api.open-meteo.com/v1/gfs?latitude=29.64582&longitude=-95.28214&daily=temperature_2m_max%2Ctemperature_2m_min&timezone=auto&start_date=2026-09-10&end_date=2026-09-12
2026-09-10T20:16:35.880904+00:00,KLAX,2026-09-10,open_meteo_best_match,America/Los_Angeles,2026-09-10,34.5,23.6,https://api.open-meteo.com/v1/forecast?latitude=33.93817&longitude=-118.3866&daily=temperature_2m_max%2Ctemperature_2m_min&timezone=auto&start_date=2026-09-10&end_date=2026-09-12
2026-09-10T20:16:35.880922+00:00,KLAX,2026-09-11,open_meteo_best_match,America/Los_Angeles,2026-09-11,30.5,20.4,https://api.open-meteo.com/v1/forecast?latitude=33.93817&longitude=-118.3866&daily=temperature_2m_max%2Ctemperature_2m_min&timezone=auto&start_date=2026-09-10&end_date=2026-09-12
2026-09-10T20:16:35.880925+00:00,KLAX,2026-09-12,open_meteo_best_match,America/Los_Angeles,2026-09-12,28.1,19.4,https://api.open-meteo.com/v1/forecast?latitude=33.93817&longitude=-118.3866&daily=temperature_2m_max%2Ctemperature_2m_min&timezone=auto&start_date=2026-09-10&end_date=2026-09-12
2026-09-10T20:16:36.647849+00:00,KLAX,2026-09-10,ecmwf,America/Los_Angeles,2026-09-10,36.6,24.1,https://api.open-meteo.com/v1/ecmwf?latitude=33.93817&longitude=-118.3866&daily=temperature_2m_max%2Ctemperature_2m_min&timezone=auto&start_date=2026-09-10&end_date=2026-09-12
2026-09-10T20:16:36.647869+00:00,KLAX,2026-09-11,ecmwf,America/Los_Angeles,2026-09-11,34.5,22.8,https://api.open-meteo.com/v1/ecmwf?latitude=33.93817&longitude=-118.3866&daily=temperature_2m_max%2Ctemperature_2m_min&timezone=auto&start_date=2026-09-10&end_date=2026-09-12
2026-09-10T20:16:36.647874+00:00,KLAX,2026-09-12,ecmwf,America/Los_Angeles,2026-09-12,32.3,22.2,https://api.open-meteo.com/v1/ecmwf?latitude=33.93817&longitude=-118.3866&daily=temperature_2m_max%2Ctemperature_2m_min&timezone=auto&start_date=2026-09-10&end_date=2026-09-12
2026-09-10T20:17:38.280845+00:00,KLGA,2026-09-10,ecmwf,America/New_York,2026-09-10,31.4,21.5,https://api.open-meteo.com/v1/ecmwf?latitude=40.77945&longitude=-73.88027&daily=temperature_2m_max%2Ctemperature_2m_min&timezone=auto&start_date=2026-09-10&end_date=2026-09-12
2026-09-10T20:17:38.280863+00:00,KLGA,2026-09-11,ecmwf,America/New_York,2026-09-11,27.1,20.6,https://api.open-meteo.com/v1/ecmwf?latitude=40.77945&longitude=-73.88027&daily=temperature_2m_max%2Ctemperature_2m_min&timezone=auto&start_date=2026-09-10&end_date=2026-09-12
2026-09-10T20:17:38.280867+00:00,KLGA,2026-09-12,ecmwf,America/New_York,2026-09-12,25.9,17.6,https://api.open-meteo.com/v1/ecmwf?latitude=40.77945&longitude=-73.88027&daily=temperature_2m_max%2Ctemperature_2m_min&timezone=auto&start_date=2026-09-10&end_date=2026-09-12
2026-09-10T20:17:39.046144+00:00,KLGA,2026-09-10,gfs,America/New_York,2026-09-10,31.4,22.2,https://api.open-meteo.com/v1/gfs?latitude=40.77945&longitude=-73.88027&daily=temperature_2m_max%2Ctemperature_2m_min&timezone=auto&start_date=2026-09-10&end_date=2026-09-12
2026-09-10T20:17:39.046164+00:00,KLGA,2026-09-11,gfs,America/New_York,2026-09-11,28.1,19.3,https://api.open-meteo.com/v1/gfs?latitude=40.77945&longitude=-73.88027&daily=temperature_2m_max%2Ctemperature_2m_min&timezone=auto&start_date=2026-09-10&end_date=2026-09-12
2026-09-10T20:17:39.046168+00:00,KLGA,2026-09-12,gfs,America/New_York,2026-09-12,27.7,15.6,https://api.open-meteo.com/v1/gfs?latitude=40.77945&longitude=-73.88027&daily=temperature_2m_max%2Ctemperature_2m_min&timezone=auto&start_date=2026-09-10&end_date=2026-09-12
2026-09-10T20:18:40.674660+00:00,KMIA,2026-09-10,gfs,America/New_York,2026-09-10,32.0,25.4,https://api.open-meteo.com/v1/gfs?latitude=25.78806&longitude=-80.31692&daily=temperature_2m_max%2Ctemperature_2m_min&timezone=auto&start_date=2026-09-10&end_date=2026-09-12
2026-09-10T20:18:40.674679+00:00,KMIA,2026-09-11,gfs,America/New_York,2026-09-11,29.8,24.7,https://api.open-meteo.com/v1/gfs?latitude=25.78806&longitude=-80.31692&daily=temperature_2m_max%2Ctemperature_2m_min&timezone=auto&start_date=2026-09-10&end_date=2026-09-12
2026-09-10T20:18:40.674683+00:00,KMIA,2026-09-12,gfs,America/New_York,2026-09-12,33.3,25.1,https://api.open-meteo.com/v1/gfs?latitude=25.78806&longitude=-80.31692&daily=temperature_2m_max%2Ctemperature_2m_min&timezone=auto&start_date=2026-09-10&end_date=2026-09-12
2026-09-10T20:18:41.468389+00:00,KORD,2026-09-10,open_meteo_best_match,America/Chicago,2026-09-10,26.1,17.9,https://api.open-meteo.com/v1/forecast?latitude=41.96017&longitude=-87.93161&daily=temperature_2m_max%2Ctemperature_2m_min&timezone=auto&start_date=2026-09-10&end_date=2026-09-12
2026-09-10T20:18:41.468410+00:00,KORD,2026-09-11,open_meteo_best_match,America/Chicago,2026-09-11,28.1,14.7,https://api.open-meteo.com/v1/forecast?latitude=41.96017&longitude=-87.93161&daily=temperature_2m_max%2Ctemperature_2m_min&timezone=auto&start_date=2026-09-10&end_date=2026-09-12
2026-09-10T20:18:41.468415+00:00,KORD,2026-09-12,open_meteo_best_match,America/Chicago,2026-09-12,30.2,19.5,https://api.open-meteo.com/v1/forecast?latitude=41.96017&longitude=-87.93161&daily=temperature_2m_max%2Ctemperature_2m_min&timezone=auto&start_date=2026-09-10&end_date=2026-09-12
2026-09-10T20:18:42.252595+00:00,KORD,2026-09-10,ecmwf,America/Chicago,2026-09-10,24.4,17.8,https://api.open-meteo.com/v1/ecmwf?latitude=41.96017&longitude=-87.93161&daily=temperature_2m_max%2Ctemperature_2m_min&timezone=auto&start_date=2026-09-10&end_date=2026-09-12
2026-09-10T20:18:42.252615+00:00,KORD,2026-09-11,ecmwf,America/Chicago,2026-09-11,25.1,15.6,https://api.open-meteo.com/v1/ecmwf?latitude=41.96017&longitude=-87.93161&daily=temperature_2m_max%2Ctemperature_2m_min&timezone=auto&start_date=2026-09-10&end_date=2026-09-12
2026-09-10T20:18:42.252620+00:00,KORD,2026-09-12,ecmwf,America/Chicago,2026-09-12,28.8,18.7,https://api.open-meteo.com/v1/ecmwf?latitude=41.96017&longitude=-87.93161&daily=temperature_2m_max%2Ctemperature_2m_min&timezone=auto&start_date=2026-09-10&end_date=2026-09-12
2026-09-10T20:18:43.003549+00:00,KORD,2026-09-10,gfs,America/Chicago,2026-09-10,26.1,17.9,https://api.open-meteo.com/v1/gfs?latitude=41.96017&longitude=-87.93161&daily=temperature_2m_max%2Ctemperature_2m_min&timezone=auto&start_date=2026-09-10&end_date=2026-09-12
2026-09-10T20:18:43.003572+00:00,KORD,2026-09-11,gfs,America/Chicago,2026-09-11,28.1,14.7,https://api.open-meteo.com/v1/gfs?latitude=41.96017&longitude=-87.93161&daily=temperature_2m_max%2Ctemperature_2m_min&timezone=auto&start_date=2026-09-10&end_date=2026-09-12
2026-09-10T20:18:43.003577+00:00,KORD,2026-09-12,gfs,America/Chicago,2026-09-12,30.2,19.5,https://api.open-meteo.com/v1/gfs?latitude=41.96017&longitude=-87.93161&daily=temperature_2m_max%2Ctemperature_2m_min&timezone=auto&start_date=2026-09-10&end_date=2026-09-12
2026-09-10T20:18:43.767433+00:00,KSEA,2026-09-10,open_meteo_best_match,America/Los_Angeles,2026-09-10,21.6,14.4,https://api.open-meteo.com/v1/forecast?latitude=47.44467&longitude=-122.31442&daily=temperature_2m_max%2Ctemperature_2m_min&timezone=auto&start_date=2026-09-10&end_date=2026-09-12
2026-09-10T20:18:43.767451+00:00,KSEA,2026-09-11,open_meteo_best_match,America/Los_Angeles,2026-09-11,19.5,11.1,https://api.open-meteo.com/v1/forecast?latitude=47.44467&longitude=-122.31442&daily=temperature_2m_max%2Ctemperature_2m_min&timezone=auto&start_date=2026-09-10&end_date=2026-09-12
2026-09-10T20:18:43.767455+00:00,KSEA,2026-09-12,open_meteo_best_match,America/Los_Angeles,2026-09-12,19.1,11.5,https://api.open-meteo.com/v1/forecast?latitude=47.44467&longitude=-122.31442&daily=temperature_2m_max%2Ctemperature_2m_min&timezone=auto&start_date=2026-09-10&end_date=2026-09-12
2026-09-10T20:18:44.517203+00:00,KSEA,2026-09-10,ecmwf,America/Los_Angeles,2026-09-10,20.6,14.8,https://api.open-meteo.com/v1/ecmwf?latitude=47.44467&longitude=-122.31442&daily=temperature_2m_max%2Ctemperature_2m_min&timezone=auto&start_date=2026-09-10&end_date=2026-09-12
2026-09-10T20:18:44.517230+00:00,KSEA,2026-09-11,ecmwf,America/Los_Angeles,2026-09-11,19.8,13.1,https://api.open-meteo.com/v1/ecmwf?latitude=47.44467&longitude=-122.31442&daily=temperature_2m_max%2Ctemperature_2m_min&timezone=auto&start_date=2026-09-10&end_date=2026-09-12
2026-09-10T20:18:44.517234+00:00,KSEA,2026-09-12,ecmwf,America/Los_Angeles,2026-09-12,18.6,13.2,https://api.open-meteo.com/v1/ecmwf?latitude=47.44467&longitude=-122.31442&daily=temperature_2m_max%2Ctemperature_2m_min&timezone=auto&start_date=2026-09-10&end_date=2026-09-12
2026-09-10T20:18:45.279571+00:00,KSEA,2026-09-10,gfs,America/Los_Angeles,2026-09-10,21.6,14.4,https://api.open-meteo.com/v1/gfs?latitude=47.44467&longitude=-122.31442&daily=temperature_2m_max%2Ctemperature_2m_min&timezone=auto&start_date=2026-09-10&end_date=2026-09-12
2026-09-10T20:18:45.279592+00:00,KSEA,2026-09-11,gfs,America/Los_Angeles,2026-09-11,19.5,11.1,https://api.open-meteo.com/v1/gfs?latitude=47.44467&longitude=-122.31442&daily=temperature_2m_max%2Ctemperature_2m_min&timezone=auto&start_date=2026-09-10&end_date=2026-09-12
2026-09-10T20:18:45.279595+00:00,KSEA,2026-09-12,gfs,America/Los_Angeles,2026-09-12,19.1,11.5,https://api.open-meteo.com/v1/gfs?latitude=47.44467&longitude=-122.31442&daily=temperature_2m_max%2Ctemperature_2m_min&timezone=auto&start_date=2026-09-10&end_date=2026-09-12
2026-09-10T20:18:46.028031+00:00,KSFO,2026-09-10,open_meteo_best_match,America/Los_Angeles,2026-09-10,28.5,15.4,https://api.open-meteo.com/v1/forecast?latitude=37.61961&longitude=-122.36561&daily=temperature_2m_max%2Ctemperature_2m_min&timezone=auto&start_date=2026-09-10&end_date=2026-09-12
2026-09-10T20:18:46.028050+00:00,KSFO,2026-09-11,open_meteo_best_match,America/Los_Angeles,2026-09-11,20.0,12.9,https://api.open-meteo.com/v1/forecast?latitude=37.61961&longitude=-122.36561&daily=temperature_2m_max%2Ctemperature_2m_min&timezone=auto&start_date=2026-09-10&end_date=2026-09-12
2026-09-10T20:18:46.028054+00:00,KSFO,2026-09-12,open_meteo_best_match,America/Los_Angeles,2026-09-12,22.6,14.6,https://api.open-meteo.com/v1/forecast?latitude=37.61961&longitude=-122.36561&daily=temperature_2m_max%2Ctemperature_2m_min&timezone=auto&start_date=2026-09-10&end_date=2026-09-12
2026-09-10T20:18:46.777898+00:00,KSFO,2026-09-10,ecmwf,America/Los_Angeles,2026-09-10,32.2,18.6,https://api.open-meteo.com/v1/ecmwf?latitude=37.61961&longitude=-122.36561&daily=temperature_2m_max%2Ctemperature_2m_min&timezone=auto&start_date=2026-09-10&end_date=2026-09-12
2026-09-10T20:18:46.777918+00:00,KSFO,2026-09-11,ecmwf,America/Los_Angeles,2026-09-11,24.9,15.8,https://api.open-meteo.com/v1/ecmwf?latitude=37.61961&longitude=-122.36561&daily=temperature_2m_max%2Ctemperature_2m_min&timezone=auto&start_date=2026-09-10&end_date=2026-09-12
2026-09-10T20:18:46.777922+00:00,KSFO,2026-09-12,ecmwf,America/Los_Angeles,2026-09-12,20.3,14.3,https://api.open-meteo.com/v1/ecmwf?latitude=37.61961&longitude=-122.36561&daily=temperature_2m_max%2Ctemperature_2m_min&timezone=auto&start_date=2026-09-10&end_date=2026-09-12
2026-09-10T20:18:47.533965+00:00,KSFO,2026-09-10,gfs,America/Los_Angeles,2026-09-10,28.5,15.4,https://api.open-meteo.com/v1/gfs?latitude=37.61961&longitude=-122.36561&daily=temperature_2m_max%2Ctemperature_2m_min&timezone=auto&start_date=2026-09-10&end_date=2026-09-12
2026-09-10T20:18:47.533988+00:00,KSFO,2026-09-11,gfs,America/Los_Angeles,2026-09-11,20.0,12.9,https://api.open-meteo.com/v1/gfs?latitude=37.61961&longitude=-122.36561&daily=temperature_2m_max%2Ctemperature_2m_min&timezone=auto&start_date=2026-09-10&end_date=2026-09-12
2026-09-10T20:18:47.533992+00:00,KSFO,2026-09-12,gfs,America/Los_Angeles,2026-09-12,22.6,14.6,https://api.open-meteo.com/v1/gfs?latitude=37.61961&longitude=-122.36561&daily=temperature_2m_max%2Ctemperature_2m_min&timezone=auto&start_date=2026-09-10&end_date=2026-09-12
2026-09-10T20:19:18.745639+00:00,LEMD,2026-09-10,ecmwf,Europe/Madrid,2026-09-10,26.4,11.1,https://api.open-meteo.com/v1/ecmwf?latitude=40.466&longitude=-3.555&daily=temperature_2m_max%2Ctemperature_2m_min&timezone=auto&start_date=2026-09-10&end_date=2026-09-12
2026-09-10T20:19:18.745658+00:00,LEMD,2026-09-11,ecmwf,Europe/Madrid,2026-09-11,30.3,12.8,https://api.open-meteo.com/v1/ecmwf?latitude=40.466&longitude=-3.555&daily=temperature_2m_max%2Ctemperature_2m_min&timezone=auto&start_date=2026-09-10&end_date=2026-09-12
2026-09-10T20:19:18.745663+00:00,LEMD,2026-09-12,ecmwf,Europe/Madrid,2026-09-12,31.3,15.2,https://api.open-meteo.com/v1/ecmwf?latitude=40.466&longitude=-3.555&daily=temperature_2m_max%2Ctemperature_2m_min&timezone=auto&start_date=2026-09-10&end_date=2026-09-12
2026-09-10T20:19:19.494384+00:00,LEMD,2026-09-10,gfs,Europe/Madrid,2026-09-10,26.5,13.4,https://api.open-meteo.com/v1/gfs?latitude=40.466&longitude=-3.555&daily=temperature_2m_max%2Ctemperature_2m_min&timezone=auto&start_date=2026-09-10&end_date=2026-09-12
2026-09-10T20:19:19.494405+00:00,LEMD,2026-09-11,gfs,Europe/Madrid,2026-09-11,29.8,17.0,https://api.open-meteo.com/v1/gfs?latitude=40.466&longitude=-3.555&daily=temperature_2m_max%2Ctemperature_2m_min&timezone=auto&start_date=2026-09-10&end_date=2026-09-12
2026-09-10T20:19:19.494410+00:00,LEMD,2026-09-12,gfs,Europe/Madrid,2026-09-12,31.3,18.2,https://api.open-meteo.com/v1/gfs?latitude=40.466&longitude=-3.555&daily=temperature_2m_max%2Ctemperature_2m_min&timezone=auto&start_date=2026-09-10&end_date=2026-09-12
2026-09-10T20:20:51.463083+00:00,LIMC,2026-09-10,open_meteo_best_match,Europe/Rome,2026-09-10,21.9,16.4,https://api.open-meteo.com/v1/forecast?latitude=45.631&longitude=8.728&daily=temperature_2m_max%2Ctemperature_2m_min&timezone=auto&start_date=2026-09-10&end_date=2026-09-12
2026-09-10T20:20:51.463099+00:00,LIMC,2026-09-11,open_meteo_best_match,Europe/Rome,2026-09-11,24.7,15.8,https://api.open-meteo.com/v1/forecast?latitude=45.631&longitude=8.728&daily=temperature_2m_max%2Ctemperature_2m_min&timezone=auto&start_date=2026-09-10&end_date=2026-09-12
2026-09-10T20:20:51.463102+00:00,LIMC,2026-09-12,open_meteo_best_match,Europe/Rome,2026-09-12,24.8,18.5,https://api.open-meteo.com/v1/forecast?latitude=45.631&longitude=8.728&daily=temperature_2m_max%2Ctemperature_2m_min&timezone=auto&start_date=2026-09-10&end_date=2026-09-12
2026-09-10T20:20:52.320113+00:00,LIMC,2026-09-10,ecmwf,Europe/Rome,2026-09-10,21.4,16.4,https://api.open-meteo.com/v1/ecmwf?latitude=45.631&longitude=8.728&daily=temperature_2m_max%2Ctemperature_2m_min&timezone=auto&start_date=2026-09-10&end_date=2026-09-12
2026-09-10T20:20:52.320134+00:00,LIMC,2026-09-11,ecmwf,Europe/Rome,2026-09-11,24.2,15.3,https://api.open-meteo.com/v1/ecmwf?latitude=45.631&longitude=8.728&daily=temperature_2m_max%2Ctemperature_2m_min&timezone=auto&start_date=2026-09-10&end_date=2026-09-12
2026-09-10T20:20:52.320138+00:00,LIMC,2026-09-12,ecmwf,Europe/Rome,2026-09-12,24.1,16.4,https://api.open-meteo.com/v1/ecmwf?latitude=45.631&longitude=8.728&daily=temperature_2m_max%2Ctemperature_2m_min&timezone=auto&start_date=2026-09-10&end_date=2026-09-12
2026-09-10T20:20:53.084924+00:00,LIMC,2026-09-10,gfs,Europe/Rome,2026-09-10,22.4,16.9,https://api.open-meteo.com/v1/gfs?latitude=45.631&longitude=8.728&daily=temperature_2m_max%2Ctemperature_2m_min&timezone=auto&start_date=2026-09-10&end_date=2026-09-12
2026-09-10T20:20:53.084947+00:00,LIMC,2026-09-11,gfs,Europe/Rome,2026-09-11,23.6,14.0,https://api.open-meteo.com/v1/gfs?latitude=45.631&longitude=8.728&daily=temperature_2m_max%2Ctemperature_2m_min&timezone=auto&start_date=2026-09-10&end_date=2026-09-12
2026-09-10T20:20:53.084952+00:00,LIMC,2026-09-12,gfs,Europe/Rome,2026-09-12,24.2,14.6,https://api.open-meteo.com/v1/gfs?latitude=45.631&longitude=8.728&daily=temperature_2m_max%2Ctemperature_2m_min&timezone=auto&start_date=2026-09-10&end_date=2026-09-12
2026-09-10T20:20:53.859386+00:00,LTAC,2026-09-10,open_meteo_best_match,Europe/Istanbul,2026-09-10,29.0,10.9,https://api.open-meteo.com/v1/forecast?latitude=40.128&longitude=32.995&daily=temperature_2m_max%2Ctemperature_2m_min&timezone=auto&start_date=2026-09-10&end_date=2026-09-12
2026-09-10T20:20:53.859405+00:00,LTAC,2026-09-11,open_meteo_best_match,Europe/Istanbul,2026-09-11,29.8,13.2,https://api.open-meteo.com/v1/forecast?latitude=40.128&longitude=32.995&daily=temperature_2m_max%2Ctemperature_2m_min&timezone=auto&start_date=2026-09-10&end_date=2026-09-12
2026-09-10T20:20:53.859409+00:00,LTAC,2026-09-12,open_meteo_best_match,Europe/Istanbul,2026-09-12,30.6,13.5,https://api.open-meteo.com/v1/forecast?latitude=40.128&longitude=32.995&daily=temperature_2m_max%2Ctemperature_2m_min&timezone=auto&start_date=2026-09-10&end_date=2026-09-12
2026-09-10T20:22:25.763854+00:00,MMMX,2026-09-10,ecmwf,America/Mexico_City,2026-09-10,25.6,14.2,https://api.open-meteo.com/v1/ecmwf?latitude=19.436&longitude=-99.072&daily=temperature_2m_max%2Ctemperature_2m_min&timezone=auto&start_date=2026-09-10&end_date=2026-09-12
2026-09-10T20:22:25.763872+00:00,MMMX,2026-09-11,ecmwf,America/Mexico_City,2026-09-11,25.3,14.2,https://api.open-meteo.com/v1/ecmwf?latitude=19.436&longitude=-99.072&daily=temperature_2m_max%2Ctemperature_2m_min&timezone=auto&start_date=2026-09-10&end_date=2026-09-12
2026-09-10T20:22:25.763875+00:00,MMMX,2026-09-12,ecmwf,America/Mexico_City,2026-09-12,22.2,13.7,https://api.open-meteo.com/v1/ecmwf?latitude=19.436&longitude=-99.072&daily=temperature_2m_max%2Ctemperature_2m_min&timezone=auto&start_date=2026-09-10&end_date=2026-09-12
2026-09-10T20:22:26.522540+00:00,MMMX,2026-09-10,gfs,America/Mexico_City,2026-09-10,25.1,13.8,https://api.open-meteo.com/v1/gfs?latitude=19.436&longitude=-99.072&daily=temperature_2m_max%2Ctemperature_2m_min&timezone=auto&start_date=2026-09-10&end_date=2026-09-12
2026-09-10T20:22:26.522558+00:00,MMMX,2026-09-11,gfs,America/Mexico_City,2026-09-11,25.9,15.7,https://api.open-meteo.com/v1/gfs?latitude=19.436&longitude=-99.072&daily=temperature_2m_max%2Ctemperature_2m_min&timezone=auto&start_date=2026-09-10&end_date=2026-09-12
2026-09-10T20:22:26.522562+00:00,MMMX,2026-09-12,gfs,America/Mexico_City,2026-09-12,25.9,15.5,https://api.open-meteo.com/v1/gfs?latitude=19.436&longitude=-99.072&daily=temperature_2m_max%2Ctemperature_2m_min&timezone=auto&start_date=2026-09-10&end_date=2026-09-12
2026-09-10T20:23:28.051202+00:00,MPMG,2026-09-10,gfs,America/Panama,2026-09-10,30.3,24.1,https://api.open-meteo.com/v1/gfs?latitude=8.967&longitude=-79.555&daily=temperature_2m_max%2Ctemperature_2m_min&timezone=auto&start_date=2026-09-10&end_date=2026-09-12
2026-09-10T20:23:28.051223+00:00,MPMG,2026-09-11,gfs,America/Panama,2026-09-11,31.8,24.3,https://api.open-meteo.com/v1/gfs?latitude=8.967&longitude=-79.555&daily=temperature_2m_max%2Ctemperature_2m_min&timezone=auto&start_date=2026-09-10&end_date=2026-09-12
2026-09-10T20:23:28.051229+00:00,MPMG,2026-09-12,gfs,America/Panama,2026-09-12,30.9,24.1,https://api.open-meteo.com/v1/gfs?latitude=8.967&longitude=-79.555&daily=temperature_2m_max%2Ctemperature_2m_min&timezone=auto&start_date=2026-09-10&end_date=2026-09-12
2026-09-10T20:23:28.819248+00:00,NZWN,2026-09-11,open_meteo_best_match,Pacific/Auckland,2026-09-11,13.8,7.2,https://api.open-meteo.com/v1/forecast?latitude=-41.331&longitude=174.806&daily=temperature_2m_max%2Ctemperature_2m_min&timezone=auto&start_date=2026-09-11&end_date=2026-09-12
2026-09-10T20:23:28.819265+00:00,NZWN,2026-09-12,open_meteo_best_match,Pacific/Auckland,2026-09-12,13.0,9.5,https://api.open-meteo.com/v1/forecast?latitude=-41.331&longitude=174.806&daily=temperature_2m_max%2Ctemperature_2m_min&timezone=auto&start_date=2026-09-11&end_date=2026-09-12
2026-09-10T20:23:29.572945+00:00,NZWN,2026-09-11,ecmwf,Pacific/Auckland,2026-09-11,13.6,6.7,https://api.open-meteo.com/v1/ecmwf?latitude=-41.331&longitude=174.806&daily=temperature_2m_max%2Ctemperature_2m_min&timezone=auto&start_date=2026-09-11&end_date=2026-09-12
2026-09-10T20:23:29.572965+00:00,NZWN,2026-09-12,ecmwf,Pacific/Auckland,2026-09-12,13.1,9.8,https://api.open-meteo.com/v1/ecmwf?latitude=-41.331&longitude=174.806&daily=temperature_2m_max%2Ctemperature_2m_min&timezone=auto&start_date=2026-09-11&end_date=2026-09-12
2026-09-10T20:23:30.331913+00:00,NZWN,2026-09-11,gfs,Pacific/Auckland,2026-09-11,12.7,6.3,https://api.open-meteo.com/v1/gfs?latitude=-41.331&longitude=174.806&daily=temperature_2m_max%2Ctemperature_2m_min&timezone=auto&start_date=2026-09-11&end_date=2026-09-12
2026-09-10T20:23:30.331935+00:00,NZWN,2026-09-12,gfs,Pacific/Auckland,2026-09-12,13.8,7.4,https://api.open-meteo.com/v1/gfs?latitude=-41.331&longitude=174.806&daily=temperature_2m_max%2Ctemperature_2m_min&timezone=auto&start_date=2026-09-11&end_date=2026-09-12
2026-09-10T20:23:31.081212+00:00,OEJN,2026-09-10,open_meteo_best_match,Asia/Riyadh,2026-09-10,38.7,28.6,https://api.open-meteo.com/v1/forecast?latitude=21.685&longitude=39.166&daily=temperature_2m_max%2Ctemperature_2m_min&timezone=auto&start_date=2026-09-10&end_date=2026-09-12
2026-09-10T20:23:31.081229+00:00,OEJN,2026-09-11,open_meteo_best_match,Asia/Riyadh,2026-09-11,37.0,27.4,https://api.open-meteo.com/v1/forecast?latitude=21.685&longitude=39.166&daily=temperature_2m_max%2Ctemperature_2m_min&timezone=auto&start_date=2026-09-10&end_date=2026-09-12
2026-09-10T20:23:31.081233+00:00,OEJN,2026-09-12,open_meteo_best_match,Asia/Riyadh,2026-09-12,36.4,29.0,https://api.open-meteo.com/v1/forecast?latitude=21.685&longitude=39.166&daily=temperature_2m_max%2Ctemperature_2m_min&timezone=auto&start_date=2026-09-10&end_date=2026-09-12
2026-09-10T20:23:31.830366+00:00,OEJN,2026-09-10,ecmwf,Asia/Riyadh,2026-09-10,40.2,29.4,https://api.open-meteo.com/v1/ecmwf?latitude=21.685&longitude=39.166&daily=temperature_2m_max%2Ctemperature_2m_min&timezone=auto&start_date=2026-09-10&end_date=2026-09-12
2026-09-10T20:23:31.830386+00:00,OEJN,2026-09-11,ecmwf,Asia/Riyadh,2026-09-11,38.6,27.9,https://api.open-meteo.com/v1/ecmwf?latitude=21.685&longitude=39.166&daily=temperature_2m_max%2Ctemperature_2m_min&timezone=auto&start_date=2026-09-10&end_date=2026-09-12
2026-09-10T20:23:31.830391+00:00,OEJN,2026-09-12,ecmwf,Asia/Riyadh,2026-09-12,38.6,29.5,https://api.open-meteo.com/v1/ecmwf?latitude=21.685&longitude=39.166&daily=temperature_2m_max%2Ctemperature_2m_min&timezone=auto&start_date=2026-09-10&end_date=2026-09-12
2026-09-10T20:23:32.604600+00:00,OEJN,2026-09-10,gfs,Asia/Riyadh,2026-09-10,37.9,27.8,https://api.open-meteo.com/v1/gfs?latitude=21.685&longitude=39.166&daily=temperature_2m_max%2Ctemperature_2m_min&timezone=auto&start_date=2026-09-10&end_date=2026-09-12
2026-09-10T20:23:32.604619+00:00,OEJN,2026-09-11,gfs,Asia/Riyadh,2026-09-11,36.3,27.9,https://api.open-meteo.com/v1/gfs?latitude=21.685&longitude=39.166&daily=temperature_2m_max%2Ctemperature_2m_min&timezone=auto&start_date=2026-09-10&end_date=2026-09-12
2026-09-10T20:23:32.604623+00:00,OEJN,2026-09-12,gfs,Asia/Riyadh,2026-09-12,36.2,28.3,https://api.open-meteo.com/v1/gfs?latitude=21.685&longitude=39.166&daily=temperature_2m_max%2Ctemperature_2m_min&timezone=auto&start_date=2026-09-10&end_date=2026-09-12
2026-09-10T20:23:33.370776+00:00,OPKC,2026-09-11,open_meteo_best_match,Asia/Karachi,2026-09-11,33.4,23.6,https://api.open-meteo.com/v1/forecast?latitude=24.902&longitude=67.139&daily=temperature_2m_max%2Ctemperature_2m_min&timezone=auto&start_date=2026-09-11&end_date=2026-09-12
2026-09-10T20:23:33.370798+00:00,OPKC,2026-09-12,open_meteo_best_match,Asia/Karachi,2026-09-12,34.0,24.9,https://api.open-meteo.com/v1/forecast?latitude=24.902&longitude=67.139&daily=temperature_2m_max%2Ctemperature_2m_min&timezone=auto&start_date=2026-09-11&end_date=2026-09-12
2026-09-10T20:23:34.120963+00:00,OPKC,2026-09-11,ecmwf,Asia/Karachi,2026-09-11,34.0,23.3,https://api.open-meteo.com/v1/ecmwf?latitude=24.902&longitude=67.139&daily=temperature_2m_max%2Ctemperature_2m_min&timezone=auto&start_date=2026-09-11&end_date=2026-09-12
2026-09-10T20:23:34.120983+00:00,OPKC,2026-09-12,ecmwf,Asia/Karachi,2026-09-12,34.6,24.4,https://api.open-meteo.com/v1/ecmwf?latitude=24.902&longitude=67.139&daily=temperature_2m_max%2Ctemperature_2m_min&timezone=auto&start_date=2026-09-11&end_date=2026-09-12
2026-09-10T20:23:34.888270+00:00,OPKC,2026-09-11,gfs,Asia/Karachi,2026-09-11,30.5,26.7,https://api.open-meteo.com/v1/gfs?latitude=24.902&longitude=67.139&daily=temperature_2m_max%2Ctemperature_2m_min&timezone=auto&start_date=2026-09-11&end_date=2026-09-12
2026-09-10T20:23:34.888290+00:00,OPKC,2026-09-12,gfs,Asia/Karachi,2026-09-12,33.9,26.9,https://api.open-meteo.com/v1/gfs?latitude=24.902&longitude=67.139&daily=temperature_2m_max%2Ctemperature_2m_min&timezone=auto&start_date=2026-09-11&end_date=2026-09-12
2026-09-10T20:24:06.038749+00:00,RJTT,2026-09-11,ecmwf,Asia/Tokyo,2026-09-11,20.3,19.0,https://api.open-meteo.com/v1/ecmwf?latitude=35.553&longitude=139.781&daily=temperature_2m_max%2Ctemperature_2m_min&timezone=auto&start_date=2026-09-11&end_date=2026-09-12
2026-09-10T20:24:06.038766+00:00,RJTT,2026-09-12,ecmwf,Asia/Tokyo,2026-09-12,25.3,19.4,https://api.open-meteo.com/v1/ecmwf?latitude=35.553&longitude=139.781&daily=temperature_2m_max%2Ctemperature_2m_min&timezone=auto&start_date=2026-09-11&end_date=2026-09-12
2026-09-10T20:24:37.201434+00:00,RKPK,2026-09-11,open_meteo_best_match,Asia/Seoul,2026-09-11,27.1,19.3,https://api.open-meteo.com/v1/forecast?latitude=35.179&longitude=128.938&daily=temperature_2m_max%2Ctemperature_2m_min&timezone=auto&start_date=2026-09-11&end_date=2026-09-12
2026-09-10T20:24:37.201451+00:00,RKPK,2026-09-12,open_meteo_best_match,Asia/Seoul,2026-09-12,28.2,19.6,https://api.open-meteo.com/v1/forecast?latitude=35.179&longitude=128.938&daily=temperature_2m_max%2Ctemperature_2m_min&timezone=auto&start_date=2026-09-11&end_date=2026-09-12
2026-09-10T20:25:08.338498+00:00,RKPK,2026-09-11,gfs,Asia/Seoul,2026-09-11,29.8,18.2,https://api.open-meteo.com/v1/gfs?latitude=35.179&longitude=128.938&daily=temperature_2m_max%2Ctemperature_2m_min&timezone=auto&start_date=2026-09-11&end_date=2026-09-12
2026-09-10T20:25:08.338519+00:00,RKPK,2026-09-12,gfs,Asia/Seoul,2026-09-12,30.5,18.0,https://api.open-meteo.com/v1/gfs?latitude=35.179&longitude=128.938&daily=temperature_2m_max%2Ctemperature_2m_min&timezone=auto&start_date=2026-09-11&end_date=2026-09-12
2026-09-10T20:25:09.090300+00:00,RKSI,2026-09-11,open_meteo_best_match,Asia/Seoul,2026-09-11,24.5,19.5,https://api.open-meteo.com/v1/forecast?latitude=37.469&longitude=126.451&daily=temperature_2m_max%2Ctemperature_2m_min&timezone=auto&start_date=2026-09-11&end_date=2026-09-12
2026-09-10T20:25:09.090316+00:00,RKSI,2026-09-12,open_meteo_best_match,Asia/Seoul,2026-09-12,24.3,20.9,https://api.open-meteo.com/v1/forecast?latitude=37.469&longitude=126.451&daily=temperature_2m_max%2Ctemperature_2m_min&timezone=auto&start_date=2026-09-11&end_date=2026-09-12
2026-09-10T20:25:40.256908+00:00,RKSI,2026-09-11,gfs,Asia/Seoul,2026-09-11,23.7,18.8,https://api.open-meteo.com/v1/gfs?latitude=37.469&longitude=126.451&daily=temperature_2m_max%2Ctemperature_2m_min&timezone=auto&start_date=2026-09-11&end_date=2026-09-12
2026-09-10T20:25:40.256929+00:00,RKSI,2026-09-12,gfs,Asia/Seoul,2026-09-12,23.9,20.6,https://api.open-meteo.com/v1/gfs?latitude=37.469&longitude=126.451&daily=temperature_2m_max%2Ctemperature_2m_min&timezone=auto&start_date=2026-09-11&end_date=2026-09-12
2026-09-10T20:25:41.015923+00:00,RPLL,2026-09-11,open_meteo_best_match,Asia/Manila,2026-09-11,29.0,25.5,https://api.open-meteo.com/v1/forecast?latitude=14.507&longitude=121.004&daily=temperature_2m_max%2Ctemperature_2m_min&timezone=auto&start_date=2026-09-11&end_date=2026-09-12
2026-09-10T20:25:41.015945+00:00,RPLL,2026-09-12,open_meteo_best_match,Asia/Manila,2026-09-12,29.1,25.4,https://api.open-meteo.com/v1/forecast?latitude=14.507&longitude=121.004&daily=temperature_2m_max%2Ctemperature_2m_min&timezone=auto&start_date=2026-09-11&end_date=2026-09-12
2026-09-10T20:26:12.152521+00:00,RPLL,2026-09-11,gfs,Asia/Manila,2026-09-11,28.2,24.3,https://api.open-meteo.com/v1/gfs?latitude=14.507&longitude=121.004&daily=temperature_2m_max%2Ctemperature_2m_min&timezone=auto&start_date=2026-09-11&end_date=2026-09-12
2026-09-10T20:26:12.152539+00:00,RPLL,2026-09-12,gfs,Asia/Manila,2026-09-12,27.9,24.2,https://api.open-meteo.com/v1/gfs?latitude=14.507&longitude=121.004&daily=temperature_2m_max%2Ctemperature_2m_min&timezone=auto&start_date=2026-09-11&end_date=2026-09-12
2026-09-10T20:26:12.910588+00:00,SAEZ,2026-09-10,open_meteo_best_match,America/Argentina/Buenos_Aires,2026-09-10,20.7,8.6,https://api.open-meteo.com/v1/forecast?latitude=-34.822&longitude=-58.536&daily=temperature_2m_max%2Ctemperature_2m_min&timezone=auto&start_date=2026-09-10&end_date=2026-09-12
2026-09-10T20:26:12.910606+00:00,SAEZ,2026-09-11,open_meteo_best_match,America/Argentina/Buenos_Aires,2026-09-11,19.3,8.4,https://api.open-meteo.com/v1/forecast?latitude=-34.822&longitude=-58.536&daily=temperature_2m_max%2Ctemperature_2m_min&timezone=auto&start_date=2026-09-10&end_date=2026-09-12
2026-09-10T20:26:12.910610+00:00,SAEZ,2026-09-12,open_meteo_best_match,America/Argentina/Buenos_Aires,2026-09-12,11.3,7.7,https://api.open-meteo.com/v1/forecast?latitude=-34.822&longitude=-58.536&daily=temperature_2m_max%2Ctemperature_2m_min&timezone=auto&start_date=2026-09-10&end_date=2026-09-12
2026-09-10T20:26:13.662576+00:00,SAEZ,2026-09-10,ecmwf,America/Argentina/Buenos_Aires,2026-09-10,21.0,9.2,https://api.open-meteo.com/v1/ecmwf?latitude=-34.822&longitude=-58.536&daily=temperature_2m_max%2Ctemperature_2m_min&timezone=auto&start_date=2026-09-10&end_date=2026-09-12
2026-09-10T20:26:13.662598+00:00,SAEZ,2026-09-11,ecmwf,America/Argentina/Buenos_Aires,2026-09-11,19.5,9.8,https://api.open-meteo.com/v1/ecmwf?latitude=-34.822&longitude=-58.536&daily=temperature_2m_max%2Ctemperature_2m_min&timezone=auto&start_date=2026-09-10&end_date=2026-09-12
2026-09-10T20:26:13.662602+00:00,SAEZ,2026-09-12,ecmwf,America/Argentina/Buenos_Aires,2026-09-12,11.7,7.9,https://api.open-meteo.com/v1/ecmwf?latitude=-34.822&longitude=-58.536&daily=temperature_2m_max%2Ctemperature_2m_min&timezone=auto&start_date=2026-09-10&end_date=2026-09-12
2026-09-10T20:26:14.411538+00:00,SAEZ,2026-09-10,gfs,America/Argentina/Buenos_Aires,2026-09-10,21.1,9.2,https://api.open-meteo.com/v1/gfs?latitude=-34.822&longitude=-58.536&daily=temperature_2m_max%2Ctemperature_2m_min&timezone=auto&start_date=2026-09-10&end_date=2026-09-12
2026-09-10T20:26:14.411557+00:00,SAEZ,2026-09-11,gfs,America/Argentina/Buenos_Aires,2026-09-11,17.7,10.3,https://api.open-meteo.com/v1/gfs?latitude=-34.822&longitude=-58.536&daily=temperature_2m_max%2Ctemperature_2m_min&timezone=auto&start_date=2026-09-10&end_date=2026-09-12
2026-09-10T20:26:14.411561+00:00,SAEZ,2026-09-12,gfs,America/Argentina/Buenos_Aires,2026-09-12,11.1,4.8,https://api.open-meteo.com/v1/gfs?latitude=-34.822&longitude=-58.536&daily=temperature_2m_max%2Ctemperature_2m_min&timezone=auto&start_date=2026-09-10&end_date=2026-09-12
2026-09-10T20:26:15.170300+00:00,SBGR,2026-09-10,open_meteo_best_match,America/Sao_Paulo,2026-09-10,22.5,17.0,https://api.open-meteo.com/v1/forecast?latitude=-23.432&longitude=-46.469&daily=temperature_2m_max%2Ctemperature_2m_min&timezone=auto&start_date=2026-09-10&end_date=2026-09-12
2026-09-10T20:26:15.170317+00:00,SBGR,2026-09-11,open_meteo_best_match,America/Sao_Paulo,2026-09-11,29.0,17.9,https://api.open-meteo.com/v1/forecast?latitude=-23.432&longitude=-46.469&daily=temperature_2m_max%2Ctemperature_2m_min&timezone=auto&start_date=2026-09-10&end_date=2026-09-12
2026-09-10T20:26:15.170320+00:00,SBGR,2026-09-12,open_meteo_best_match,America/Sao_Paulo,2026-09-12,24.8,16.0,https://api.open-meteo.com/v1/forecast?latitude=-23.432&longitude=-46.469&daily=temperature_2m_max%2Ctemperature_2m_min&timezone=auto&start_date=2026-09-10&end_date=2026-09-12
2026-09-10T20:26:15.928351+00:00,SBGR,2026-09-10,ecmwf,America/Sao_Paulo,2026-09-10,21.3,17.8,https://api.open-meteo.com/v1/ecmwf?latitude=-23.432&longitude=-46.469&daily=temperature_2m_max%2Ctemperature_2m_min&timezone=auto&start_date=2026-09-10&end_date=2026-09-12
2026-09-10T20:26:15.928374+00:00,SBGR,2026-09-11,ecmwf,America/Sao_Paulo,2026-09-11,29.0,18.3,https://api.open-meteo.com/v1/ecmwf?latitude=-23.432&longitude=-46.469&daily=temperature_2m_max%2Ctemperature_2m_min&timezone=auto&start_date=2026-09-10&end_date=2026-09-12
2026-09-10T20:26:15.928378+00:00,SBGR,2026-09-12,ecmwf,America/Sao_Paulo,2026-09-12,22.3,16.1,https://api.open-meteo.com/v1/ecmwf?latitude=-23.432&longitude=-46.469&daily=temperature_2m_max%2Ctemperature_2m_min&timezone=auto&start_date=2026-09-10&end_date=2026-09-12
2026-09-10T20:26:16.683005+00:00,SBGR,2026-09-10,gfs,America/Sao_Paulo,2026-09-10,24.8,17.7,https://api.open-meteo.com/v1/gfs?latitude=-23.432&longitude=-46.469&daily=temperature_2m_max%2Ctemperature_2m_min&timezone=auto&start_date=2026-09-10&end_date=2026-09-12
2026-09-10T20:26:16.683025+00:00,SBGR,2026-09-11,gfs,America/Sao_Paulo,2026-09-11,30.5,17.6,https://api.open-meteo.com/v1/gfs?latitude=-23.432&longitude=-46.469&daily=temperature_2m_max%2Ctemperature_2m_min&timezone=auto&start_date=2026-09-10&end_date=2026-09-12
2026-09-10T20:26:16.683029+00:00,SBGR,2026-09-12,gfs,America/Sao_Paulo,2026-09-12,24.9,16.4,https://api.open-meteo.com/v1/gfs?latitude=-23.432&longitude=-46.469&daily=temperature_2m_max%2Ctemperature_2m_min&timezone=auto&start_date=2026-09-10&end_date=2026-09-12
2026-09-10T20:26:17.432517+00:00,VILK,2026-09-11,open_meteo_best_match,Asia/Kolkata,2026-09-11,31.7,26.3,https://api.open-meteo.com/v1/forecast?latitude=26.761&longitude=80.889&daily=temperature_2m_max%2Ctemperature_2m_min&timezone=auto&start_date=2026-09-11&end_date=2026-09-12
2026-09-10T20:26:17.432534+00:00,VILK,2026-09-12,open_meteo_best_match,Asia/Kolkata,2026-09-12,31.6,25.7,https://api.open-meteo.com/v1/forecast?latitude=26.761&longitude=80.889&daily=temperature_2m_max%2Ctemperature_2m_min&timezone=auto&start_date=2026-09-11&end_date=2026-09-12
2026-09-10T20:26:18.199845+00:00,VILK,2026-09-11,ecmwf,Asia/Kolkata,2026-09-11,32.2,26.4,https://api.open-meteo.com/v1/ecmwf?latitude=26.761&longitude=80.889&daily=temperature_2m_max%2Ctemperature_2m_min&timezone=auto&start_date=2026-09-11&end_date=2026-09-12
2026-09-10T20:26:18.199868+00:00,VILK,2026-09-12,ecmwf,Asia/Kolkata,2026-09-12,31.4,25.6,https://api.open-meteo.com/v1/ecmwf?latitude=26.761&longitude=80.889&daily=temperature_2m_max%2Ctemperature_2m_min&timezone=auto&start_date=2026-09-11&end_date=2026-09-12
2026-09-10T20:26:18.950137+00:00,VILK,2026-09-11,gfs,Asia/Kolkata,2026-09-11,32.2,26.6,https://api.open-meteo.com/v1/gfs?latitude=26.761&longitude=80.889&daily=temperature_2m_max%2Ctemperature_2m_min&timezone=auto&start_date=2026-09-11&end_date=2026-09-12
2026-09-10T20:26:18.950158+00:00,VILK,2026-09-12,gfs,Asia/Kolkata,2026-09-12,32.8,26.1,https://api.open-meteo.com/v1/gfs?latitude=26.761&longitude=80.889&daily=temperature_2m_max%2Ctemperature_2m_min&timezone=auto&start_date=2026-09-11&end_date=2026-09-12
2026-09-10T20:26:50.109455+00:00,WMKK,2026-09-11,ecmwf,Asia/Kuala_Lumpur,2026-09-11,28.9,24.4,https://api.open-meteo.com/v1/ecmwf?latitude=2.747&longitude=101.714&daily=temperature_2m_max%2Ctemperature_2m_min&timezone=auto&start_date=2026-09-11&end_date=2026-09-12
2026-09-10T20:26:50.109472+00:00,WMKK,2026-09-12,ecmwf,Asia/Kuala_Lumpur,2026-09-12,31.0,23.3,https://api.open-meteo.com/v1/ecmwf?latitude=2.747&longitude=101.714&daily=temperature_2m_max%2Ctemperature_2m_min&timezone=auto&start_date=2026-09-11&end_date=2026-09-12
2026-09-10T20:26:50.878097+00:00,WMKK,2026-09-11,gfs,Asia/Kuala_Lumpur,2026-09-11,30.6,24.2,https://api.open-meteo.com/v1/gfs?latitude=2.747&longitude=101.714&daily=temperature_2m_max%2Ctemperature_2m_min&timezone=auto&start_date=2026-09-11&end_date=2026-09-12
2026-09-10T20:26:50.878117+00:00,WMKK,2026-09-12,gfs,Asia/Kuala_Lumpur,2026-09-12,24.9,23.2,https://api.open-meteo.com/v1/gfs?latitude=2.747&longitude=101.714&daily=temperature_2m_max%2Ctemperature_2m_min&timezone=auto&start_date=2026-09-11&end_date=2026-09-12
2026-09-10T20:27:52.494068+00:00,WSSS,2026-09-11,gfs,Asia/Singapore,2026-09-11,31.6,27.6,https://api.open-meteo.com/v1/gfs?latitude=1.368&longitude=103.982&daily=temperature_2m_max%2Ctemperature_2m_min&timezone=auto&start_date=2026-09-11&end_date=2026-09-12
2026-09-10T20:27:52.494085+00:00,WSSS,2026-09-12,gfs,Asia/Singapore,2026-09-12,31.0,27.2,https://api.open-meteo.com/v1/gfs?latitude=1.368&longitude=103.982&daily=temperature_2m_max%2Ctemperature_2m_min&timezone=auto&start_date=2026-09-11&end_date=2026-09-12
2026-09-10T20:27:53.294338+00:00,ZBAA,2026-09-11,open_meteo_best_match,Asia/Shanghai,2026-09-11,30.8,12.5,https://api.open-meteo.com/v1/forecast?latitude=40.082&longitude=116.603&daily=temperature_2m_max%2Ctemperature_2m_min&timezone=auto&start_date=2026-09-11&end_date=2026-09-12
2026-09-10T20:27:53.294356+00:00,ZBAA,2026-09-12,open_meteo_best_match,Asia/Shanghai,2026-09-12,28.4,14.6,https://api.open-meteo.com/v1/forecast?latitude=40.082&longitude=116.603&daily=temperature_2m_max%2Ctemperature_2m_min&timezone=auto&start_date=2026-09-11&end_date=2026-09-12
2026-09-10T20:27:54.089858+00:00,ZBAA,2026-09-11,ecmwf,Asia/Shanghai,2026-09-11,31.3,15.6,https://api.open-meteo.com/v1/ecmwf?latitude=40.082&longitude=116.603&daily=temperature_2m_max%2Ctemperature_2m_min&timezone=auto&start_date=2026-09-11&end_date=2026-09-12
2026-09-10T20:27:54.089877+00:00,ZBAA,2026-09-12,ecmwf,Asia/Shanghai,2026-09-12,28.4,17.3,https://api.open-meteo.com/v1/ecmwf?latitude=40.082&longitude=116.603&daily=temperature_2m_max%2Ctemperature_2m_min&timezone=auto&start_date=2026-09-11&end_date=2026-09-12
2026-09-10T20:28:55.627638+00:00,ZGGG,2026-09-11,ecmwf,Asia/Shanghai,2026-09-11,30.3,23.2,https://api.open-meteo.com/v1/ecmwf?latitude=23.392&longitude=113.307&daily=temperature_2m_max%2Ctemperature_2m_min&timezone=auto&start_date=2026-09-11&end_date=2026-09-12
2026-09-10T20:28:55.627656+00:00,ZGGG,2026-09-12,ecmwf,Asia/Shanghai,2026-09-12,31.9,23.5,https://api.open-meteo.com/v1/ecmwf?latitude=23.392&longitude=113.307&daily=temperature_2m_max%2Ctemperature_2m_min&timezone=auto&start_date=2026-09-11&end_date=2026-09-12
2026-09-10T20:28:56.458164+00:00,ZGGG,2026-09-11,gfs,Asia/Shanghai,2026-09-11,31.0,21.2,https://api.open-meteo.com/v1/gfs?latitude=23.392&longitude=113.307&daily=temperature_2m_max%2Ctemperature_2m_min&timezone=auto&start_date=2026-09-11&end_date=2026-09-12
2026-09-10T20:28:56.458181+00:00,ZGGG,2026-09-12,gfs,Asia/Shanghai,2026-09-12,32.2,21.5,https://api.open-meteo.com/v1/gfs?latitude=23.392&longitude=113.307&daily=temperature_2m_max%2Ctemperature_2m_min&timezone=auto&start_date=2026-09-11&end_date=2026-09-12
2026-09-10T20:28:57.218149+00:00,ZGSZ,2026-09-11,open_meteo_best_match,Asia/Shanghai,2026-09-11,31.3,23.2,https://api.open-meteo.com/v1/forecast?latitude=22.639&longitude=113.803&daily=temperature_2m_max%2Ctemperature_2m_min&timezone=auto&start_date=2026-09-11&end_date=2026-09-12
2026-09-10T20:28:57.218167+00:00,ZGSZ,2026-09-12,open_meteo_best_match,Asia/Shanghai,2026-09-12,31.7,23.9,https://api.open-meteo.com/v1/forecast?latitude=22.639&longitude=113.803&daily=temperature_2m_max%2Ctemperature_2m_min&timezone=auto&start_date=2026-09-11&end_date=2026-09-12
2026-09-10T20:28:57.978910+00:00,ZGSZ,2026-09-11,ecmwf,Asia/Shanghai,2026-09-11,31.0,24.1,https://api.open-meteo.com/v1/ecmwf?latitude=22.639&longitude=113.803&daily=temperature_2m_max%2Ctemperature_2m_min&timezone=auto&start_date=2026-09-11&end_date=2026-09-12
2026-09-10T20:28:57.978974+00:00,ZGSZ,2026-09-12,ecmwf,Asia/Shanghai,2026-09-12,31.0,24.8,https://api.open-meteo.com/v1/ecmwf?latitude=22.639&longitude=113.803&daily=temperature_2m_max%2Ctemperature_2m_min&timezone=auto&start_date=2026-09-11&end_date=2026-09-12
2026-09-10T20:28:58.728519+00:00,ZGSZ,2026-09-11,gfs,Asia/Shanghai,2026-09-11,33.2,25.4,https://api.open-meteo.com/v1/gfs?latitude=22.639&longitude=113.803&daily=temperature_2m_max%2Ctemperature_2m_min&timezone=auto&start_date=2026-09-11&end_date=2026-09-12
2026-09-10T20:28:58.728538+00:00,ZGSZ,2026-09-12,gfs,Asia/Shanghai,2026-09-12,32.6,26.3,https://api.open-meteo.com/v1/gfs?latitude=22.639&longitude=113.803&daily=temperature_2m_max%2Ctemperature_2m_min&timezone=auto&start_date=2026-09-11&end_date=2026-09-12
2026-09-10T20:28:59.486749+00:00,ZHCC,2026-09-11,open_meteo_best_match,Asia/Shanghai,2026-09-11,24.5,17.5,https://api.open-meteo.com/v1/forecast?latitude=34.52&longitude=113.834&daily=temperature_2m_max%2Ctemperature_2m_min&timezone=auto&start_date=2026-09-11&end_date=2026-09-11
2026-09-10T20:29:00.246274+00:00,ZHCC,2026-09-11,ecmwf,Asia/Shanghai,2026-09-11,24.4,17.2,https://api.open-meteo.com/v1/ecmwf?latitude=34.52&longitude=113.834&daily=temperature_2m_max%2Ctemperature_2m_min&timezone=auto&start_date=2026-09-11&end_date=2026-09-11
2026-09-10T20:29:00.995106+00:00,ZHCC,2026-09-11,gfs,Asia/Shanghai,2026-09-11,25.8,18.2,https://api.open-meteo.com/v1/gfs?latitude=34.52&longitude=113.834&daily=temperature_2m_max%2Ctemperature_2m_min&timezone=auto&start_date=2026-09-11&end_date=2026-09-11
2026-09-10T20:29:01.748403+00:00,ZHHH,2026-09-11,open_meteo_best_match,Asia/Shanghai,2026-09-11,27.4,17.0,https://api.open-meteo.com/v1/forecast?latitude=30.783&longitude=114.205&daily=temperature_2m_max%2Ctemperature_2m_min&timezone=auto&start_date=2026-09-11&end_date=2026-09-12
2026-09-10T20:29:01.748426+00:00,ZHHH,2026-09-12,open_meteo_best_match,Asia/Shanghai,2026-09-12,29.8,19.1,https://api.open-meteo.com/v1/forecast?latitude=30.783&longitude=114.205&daily=temperature_2m_max%2Ctemperature_2m_min&timezone=auto&start_date=2026-09-11&end_date=2026-09-12
2026-09-10T20:29:02.500054+00:00,ZHHH,2026-09-11,ecmwf,Asia/Shanghai,2026-09-11,27.2,17.4,https://api.open-meteo.com/v1/ecmwf?latitude=30.783&longitude=114.205&daily=temperature_2m_max%2Ctemperature_2m_min&timezone=auto&start_date=2026-09-11&end_date=2026-09-12
2026-09-10T20:29:02.500073+00:00,ZHHH,2026-09-12,ecmwf,Asia/Shanghai,2026-09-12,29.6,19.3,https://api.open-meteo.com/v1/ecmwf?latitude=30.783&longitude=114.205&daily=temperature_2m_max%2Ctemperature_2m_min&timezone=auto&start_date=2026-09-11&end_date=2026-09-12
2026-09-10T20:29:33.650113+00:00,ZSPD,2026-09-11,open_meteo_best_match,Asia/Shanghai,2026-09-11,29.1,22.7,https://api.open-meteo.com/v1/forecast?latitude=31.146&longitude=121.8&daily=temperature_2m_max%2Ctemperature_2m_min&timezone=auto&start_date=2026-09-11&end_date=2026-09-12
2026-09-10T20:29:33.650129+00:00,ZSPD,2026-09-12,open_meteo_best_match,Asia/Shanghai,2026-09-12,28.5,24.2,https://api.open-meteo.com/v1/forecast?latitude=31.146&longitude=121.8&daily=temperature_2m_max%2Ctemperature_2m_min&timezone=auto&start_date=2026-09-11&end_date=2026-09-12
2026-09-10T20:29:34.423064+00:00,ZSPD,2026-09-11,ecmwf,Asia/Shanghai,2026-09-11,27.8,23.1,https://api.open-meteo.com/v1/ecmwf?latitude=31.146&longitude=121.8&daily=temperature_2m_max%2Ctemperature_2m_min&timezone=auto&start_date=2026-09-11&end_date=2026-09-12
2026-09-10T20:29:34.423083+00:00,ZSPD,2026-09-12,ecmwf,Asia/Shanghai,2026-09-12,28.1,24.3,https://api.open-meteo.com/v1/ecmwf?latitude=31.146&longitude=121.8&daily=temperature_2m_max%2Ctemperature_2m_min&timezone=auto&start_date=2026-09-11&end_date=2026-09-12
2026-09-10T20:29:35.200012+00:00,ZSPD,2026-09-11,gfs,Asia/Shanghai,2026-09-11,26.2,21.1,https://api.open-meteo.com/v1/gfs?latitude=31.146&longitude=121.8&daily=temperature_2m_max%2Ctemperature_2m_min&timezone=auto&start_date=2026-09-11&end_date=2026-09-12
2026-09-10T20:29:35.200034+00:00,ZSPD,2026-09-12,gfs,Asia/Shanghai,2026-09-12,26.5,22.1,https://api.open-meteo.com/v1/gfs?latitude=31.146&longitude=121.8&daily=temperature_2m_max%2Ctemperature_2m_min&timezone=auto&start_date=2026-09-11&end_date=2026-09-12
2026-09-10T20:31:37.512044+00:00,ZUCK,2026-09-11,ecmwf,Asia/Shanghai,2026-09-11,25.7,19.6,https://api.open-meteo.com/v1/ecmwf?latitude=29.718&longitude=106.639&daily=temperature_2m_max%2Ctemperature_2m_min&timezone=auto&start_date=2026-09-11&end_date=2026-09-12
2026-09-10T20:31:37.512062+00:00,ZUCK,2026-09-12,ecmwf,Asia/Shanghai,2026-09-12,28.0,20.3,https://api.open-meteo.com/v1/ecmwf?latitude=29.718&longitude=106.639&daily=temperature_2m_max%2Ctemperature_2m_min&timezone=auto&start_date=2026-09-11&end_date=2026-09-12
2026-09-10T20:31:38.278920+00:00,ZUCK,2026-09-11,gfs,Asia/Shanghai,2026-09-11,22.2,20.2,https://api.open-meteo.com/v1/gfs?latitude=29.718&longitude=106.639&daily=temperature_2m_max%2Ctemperature_2m_min&timezone=auto&start_date=2026-09-11&end_date=2026-09-12
2026-09-10T20:31:38.278939+00:00,ZUCK,2026-09-12,gfs,Asia/Shanghai,2026-09-12,28.3,19.8,https://api.open-meteo.com/v1/gfs?latitude=29.718&longitude=106.639&daily=temperature_2m_max%2Ctemperature_2m_min&timezone=auto&start_date=2026-09-11&end_date=2026-09-12
2026-09-10T20:31:39.040714+00:00,ZUUU,2026-09-11,open_meteo_best_match,Asia/Shanghai,2026-09-11,24.7,18.1,https://api.open-meteo.com/v1/forecast?latitude=30.576&longitude=103.95&daily=temperature_2m_max%2Ctemperature_2m_min&timezone=auto&start_date=2026-09-11&end_date=2026-09-12
2026-09-10T20:31:39.040755+00:00,ZUUU,2026-09-12,open_meteo_best_match,Asia/Shanghai,2026-09-12,24.8,17.6,https://api.open-meteo.com/v1/forecast?latitude=30.576&longitude=103.95&daily=temperature_2m_max%2Ctemperature_2m_min&timezone=auto&start_date=2026-09-11&end_date=2026-09-12
2026-09-10T20:31:39.806234+00:00,ZUUU,2026-09-11,ecmwf,Asia/Shanghai,2026-09-11,24.6,18.1,https://api.open-meteo.com/v1/ecmwf?latitude=30.576&longitude=103.95&daily=temperature_2m_max%2Ctemperature_2m_min&timezone=auto&start_date=2026-09-11&end_date=2026-09-12
2026-09-10T20:31:39.806256+00:00,ZUUU,2026-09-12,ecmwf,Asia/Shanghai,2026-09-12,24.4,17.4,https://api.open-meteo.com/v1/ecmwf?latitude=30.576&longitude=103.95&daily=temperature_2m_max%2Ctemperature_2m_min&timezone=auto&start_date=2026-09-11&end_date=2026-09-12
2026-09-10T20:31:40.565560+00:00,ZUUU,2026-09-11,gfs,Asia/Shanghai,2026-09-11,20.0,18.0,https://api.open-meteo.com/v1/gfs?latitude=30.576&longitude=103.95&daily=temperature_2m_max%2Ctemperature_2m_min&timezone=auto&start_date=2026-09-11&end_date=2026-09-12
2026-09-10T20:31:40.565579+00:00,ZUUU,2026-09-12,gfs,Asia/Shanghai,2026-09-12,21.5,18.0,https://api.open-meteo.com/v1/gfs?latitude=30.576&longitude=103.95&daily=temperature_2m_max%2Ctemperature_2m_min&timezone=auto&start_date=2026-09-11&end_date=2026-09-12
