station,model,lead_days,samples,usable,first_date,last_date,min_bias_c,min_mae_c,min_rmse_c,min_sigma_c,max_bias_c,max_mae_c,max_rmse_c,max_sigma_c
CYYZ,ecmwf_ifs025,1,7,NO,2026-06-18,2026-09-02,0.67143,0.81429,1.03579,0.85189,-1.6,1.6,2.1166,1.49666
CYYZ,ecmwf_ifs025,2,7,NO,2026-06-18,2026-09-02,0.15714,0.7,0.86437,0.91807,-2.07143,2.47143,2.81957,2.06617
CYYZ,ecmwf_ifs025,3,7,NO,2026-06-18,2026-09-02,-0.25714,1.28571,1.55012,1.65112,-2.27143,2.27143,2.496,1.11761
CYYZ,ecmwf_ifs025,4,7,NO,2026-06-18,2026-09-02,0.17143,0.74286,0.94718,1.00617,-2.58571,2.92857,3.41321,2.40654
CYYZ,ecmwf_ifs025,5,7,NO,2026-06-18,2026-09-02,-0.7,1.12857,1.38409,1.2897,-3.17143,3.17143,3.75956,2.18076
CYYZ,ecmwf_ifs025,6,7,NO,2026-06-18,2026-09-02,-0.71429,0.94286,1.0226,0.79042,-3.67143,3.95714,4.68173,3.13779
CYYZ,ecmwf_ifs025,7,7,NO,2026-06-18,2026-09-02,-0.41429,0.81429,1.03303,1.02214,-2.87143,3.04286,3.65181,2.43702
EDDM,ecmwf_ifs025,1,89,YES,2026-06-13,2026-09-09,-2.50562,2.70337,3.24245,2.06966,1.80787,1.99663,2.25939,1.36284
EDDM,ecmwf_ifs025,2,89,YES,2026-06-13,2026-09-09,-2.48315,2.7236,3.30988,2.20084,1.87191,2.08764,2.41498,1.53445
EDDM,ecmwf_ifs025,3,89,YES,2026-06-13,2026-09-09,-2.44944,2.67865,3.25435,2.15481,1.71798,2.04607,2.42726,1.72439
EDDM,ecmwf_ifs025,4,89,YES,2026-06-13,2026-09-09,-2.71798,2.9427,3.49541,2.21028,1.50337,2.17978,2.55752,2.08073
EDDM,ecmwf_ifs025,5,89,YES,2026-06-13,2026-09-09,-2.90899,3.19438,3.88615,2.5914,1.09663,2.23146,2.73122,2.51556
EDDM,ecmwf_ifs025,6,89,YES,2026-06-13,2026-09-09,-3.81348,4.13258,4.87829,3.05946,1.22135,2.76067,3.48504,3.28251
EDDM,ecmwf_ifs025,7,89,YES,2026-06-13,2026-09-09,-3.83258,4.27079,5.01867,3.25848,1.06854,2.69101,3.33761,3.17986
EFHK,ecmwf_ifs025,1,89,YES,2026-06-13,2026-09-09,-1.09663,1.3618,1.78124,1.4116,0.94157,1.22921,1.49162,1.16344
EFHK,ecmwf_ifs025,2,89,YES,2026-06-13,2026-09-09,-1.1618,1.45618,1.88495,1.49275,0.80449,1.2764,1.59592,1.38613
EFHK,ecmwf_ifs025,3,89,YES,2026-06-13,2026-09-09,-1.20449,1.6809,2.16898,1.81402,0.73933,1.40449,1.75378,1.59933
EFHK,ecmwf_ifs025,4,89,YES,2026-06-13,2026-09-09,-1.07528,1.85955,2.33587,2.08541,0.4809,1.43371,1.90334,1.85202
EFHK,ecmwf_ifs025,5,89,YES,2026-06-13,2026-09-09,-1.04157,1.73596,2.22874,1.98155,0.4191,1.52247,1.98231,1.94848
EFHK,ecmwf_ifs025,6,89,YES,2026-06-13,2026-09-09,-1.36404,2.11685,2.64278,2.27637,0.82135,1.70449,2.11716,1.9624
EFHK,ecmwf_ifs025,7,89,YES,2026-06-13,2026-09-09,-1.27528,2.20112,2.89127,2.60952,0.57079,1.85618,2.50474,2.45265
EGLC,ecmwf_ifs025,1,89,YES,2026-06-13,2026-09-09,0.22921,0.62472,0.80741,0.77858,-0.05281,0.96517,1.22772,1.23354
EGLC,ecmwf_ifs025,2,89,YES,2026-06-13,2026-09-09,0.2236,0.74045,0.96343,0.94244,-0.09438,1.26292,1.61975,1.62616
EGLC,ecmwf_ifs025,3,89,YES,2026-06-13,2026-09-09,0.1427,0.79213,1.06902,1.06546,-0.28315,1.3618,1.74903,1.73574
EGLC,ecmwf_ifs025,4,89,YES,2026-06-13,2026-09-09,-0.10787,1.04944,1.45849,1.46274,-0.4573,1.3764,1.94725,1.90352
EGLC,ecmwf_ifs025,5,89,YES,2026-06-13,2026-09-09,-0.13596,1.18539,1.6303,1.63382,-0.57416,2.01236,2.62334,2.57424
EGLC,ecmwf_ifs025,6,89,YES,2026-06-13,2026-09-09,-0.01236,1.47978,1.97692,1.98808,0.30674,2.20337,2.97671,2.97764
EGLC,ecmwf_ifs025,7,89,YES,2026-06-13,2026-09-09,0.09101,1.79888,2.29325,2.30442,0.58539,2.6618,3.41489,3.3834
EHAM,ecmwf_ifs025,1,89,YES,2026-06-13,2026-09-09,-0.51236,0.86517,1.13375,1.01711,0.63933,1.08876,1.32203,1.16371
EHAM,ecmwf_ifs025,2,89,YES,2026-06-13,2026-09-09,-0.55618,1.00337,1.27654,1.15552,0.55393,1.1382,1.47812,1.37816
EHAM,ecmwf_ifs025,3,89,YES,2026-06-13,2026-09-09,-0.59663,1.1,1.34453,1.21173,0.39438,1.26404,1.62926,1.58977
EHAM,ecmwf_ifs025,4,89,YES,2026-06-13,2026-09-09,-0.73483,1.13708,1.43707,1.24198,0.20225,1.41573,1.90293,1.90287
EHAM,ecmwf_ifs025,5,89,YES,2026-06-13,2026-09-09,-0.69438,1.35955,1.83475,1.70789,-0.21348,1.9191,2.71558,2.72252
EHAM,ecmwf_ifs025,6,89,YES,2026-06-13,2026-09-09,-0.82921,1.64494,2.12391,1.96643,0.24607,2.17865,2.88314,2.88889
EHAM,ecmwf_ifs025,7,89,YES,2026-06-13,2026-09-09,-0.75056,1.90562,2.4827,2.37994,-0.00674,2.71685,3.67909,3.69993
EPWA,ecmwf_ifs025,1,89,YES,2026-06-13,2026-09-09,-0.76742,1.27753,1.63023,1.44645,0.29213,0.9618,1.23825,1.21011
EPWA,ecmwf_ifs025,2,89,YES,2026-06-13,2026-09-09,-0.77978,1.35056,1.69964,1.51876,0.22809,0.92697,1.13815,1.12138
EPWA,ecmwf_ifs025,3,89,YES,2026-06-13,2026-09-09,-0.7809,1.33146,1.67402,1.48912,0.35281,1.05393,1.37938,1.34106
EPWA,ecmwf_ifs025,4,89,YES,2026-06-13,2026-09-09,-0.85281,1.43933,1.74385,1.52971,0.31348,1.39213,1.79897,1.78148
EPWA,ecmwf_ifs025,5,89,YES,2026-06-13,2026-09-09,-0.99663,1.61011,2.0039,1.74834,-0.16067,1.71573,2.14583,2.15193
EPWA,ecmwf_ifs025,6,89,YES,2026-06-13,2026-09-09,-1.89888,2.19775,2.78346,2.0467,0.09213,1.94382,2.50501,2.51749
EPWA,ecmwf_ifs025,7,89,YES,2026-06-13,2026-09-09,-1.79888,2.43483,2.94346,2.343,-0.51011,2.6,3.20898,3.18612
FACT,ecmwf_ifs025,1,6,NO,2026-06-22,2026-08-04,0.35,0.71667,0.82966,0.82401,-3.31667,3.31667,4.16313,2.75639
FACT,ecmwf_ifs025,2,6,NO,2026-06-22,2026-08-04,0.05,0.75,0.8935,0.97724,-3.1,3.1,3.73363,2.27947
FACT,ecmwf_ifs025,3,6,NO,2026-06-22,2026-08-04,0.13333,0.83333,0.9434,1.02307,-3.91667,3.91667,4.45814,2.33274
FACT,ecmwf_ifs025,4,6,NO,2026-06-22,2026-08-04,-0.8,0.9,1.22066,1.00995,-3.26667,3.46667,4.08738,2.69122
FACT,ecmwf_ifs025,5,6,NO,2026-06-22,2026-08-04,-0.73333,1.0,1.12842,0.9395,-3.16667,3.26667,4.10122,2.85494
FACT,ecmwf_ifs025,6,6,NO,2026-06-22,2026-08-04,-0.63333,2.1,2.3388,2.46631,-4.11667,4.11667,5.07034,3.24248
FACT,ecmwf_ifs025,7,6,NO,2026-06-22,2026-08-04,-0.95,1.95,2.40659,2.42219,-2.2,2.96667,3.5393,3.0371
KDAL,ecmwf_ifs025,1,1,NO,2026-06-19,2026-06-19,-1.48889,1.48889,1.48889,,-3.96667,3.96667,3.96667,
KDAL,ecmwf_ifs025,2,1,NO,2026-06-19,2026-06-19,-2.38889,2.38889,2.38889,,-5.56667,5.56667,5.56667,
KDAL,ecmwf_ifs025,3,1,NO,2026-06-19,2026-06-19,-2.48889,2.48889,2.48889,,-6.26667,6.26667,6.26667,
KDAL,ecmwf_ifs025,4,1,NO,2026-06-19,2026-06-19,-2.68889,2.68889,2.68889,,-6.16667,6.16667,6.16667,
KDAL,ecmwf_ifs025,5,1,NO,2026-06-19,2026-06-19,-3.08889,3.08889,3.08889,,-3.46667,3.46667,3.46667,
KDAL,ecmwf_ifs025,6,1,NO,2026-06-19,2026-06-19,-1.78889,1.78889,1.78889,,-4.46667,4.46667,4.46667,
KDAL,ecmwf_ifs025,7,1,NO,2026-06-19,2026-06-19,-2.18889,2.18889,2.18889,,-2.96667,2.96667,2.96667,
KHOU,ecmwf_ifs025,1,1,NO,2026-06-15,2026-06-15,0.1,0.1,0.1,,-2.12222,2.12222,2.12222,
KHOU,ecmwf_ifs025,2,1,NO,2026-06-15,2026-06-15,0.6,0.6,0.6,,-1.42222,1.42222,1.42222,
KHOU,ecmwf_ifs025,3,1,NO,2026-06-15,2026-06-15,0.5,0.5,0.5,,-1.32222,1.32222,1.32222,
KHOU,ecmwf_ifs025,4,1,NO,2026-06-15,2026-06-15,0.3,0.3,0.3,,-1.62222,1.62222,1.62222,
KHOU,ecmwf_ifs025,5,1,NO,2026-06-15,2026-06-15,-0.3,0.3,0.3,,0.27778,0.27778,0.27778,
KHOU,ecmwf_ifs025,6,1,NO,2026-06-15,2026-06-15,-0.8,0.8,0.8,,-1.72222,1.72222,1.72222,
KHOU,ecmwf_ifs025,7,1,NO,2026-06-15,2026-06-15,-1.5,1.5,1.5,,-4.22222,4.22222,4.22222,
KLGA,ecmwf_ifs025,1,2,NO,2026-07-06,2026-09-01,-1.02778,1.02778,1.18178,0.82496,-1.71111,1.71111,1.75232,0.75
KLGA,ecmwf_ifs025,2,2,NO,2026-07-06,2026-09-01,-1.47777,1.47777,1.48714,0.75,-3.11111,3.11111,4.30653,4.21122
KLGA,ecmwf_ifs025,3,2,NO,2026-07-06,2026-09-01,-0.42778,0.42778,0.4434,0.75,-2.41111,2.41111,2.82795,2.0899
KLGA,ecmwf_ifs025,4,2,NO,2026-07-06,2026-09-01,-0.87777,0.87777,0.91739,0.75,-2.81111,2.81111,2.89166,0.95853
KLGA,ecmwf_ifs025,5,2,NO,2026-07-06,2026-09-01,-0.72777,1.41667,1.59267,2.00347,-2.26111,2.26111,2.26766,0.75
KLGA,ecmwf_ifs025,6,2,NO,2026-07-06,2026-09-01,-2.57777,2.57777,2.60372,0.75,-3.51111,3.51111,3.65689,1.44564
KLGA,ecmwf_ifs025,7,2,NO,2026-07-06,2026-09-01,-3.52778,3.52778,3.53913,0.75,-9.01111,9.01111,9.04854,1.16279
KORD,ecmwf_ifs025,1,4,NO,2026-07-03,2026-08-15,-0.48611,1.025,1.25947,1.34162,-1.89444,1.89444,3.0959,2.82741
KORD,ecmwf_ifs025,2,4,NO,2026-07-03,2026-08-15,-1.08611,1.975,1.99029,1.92584,-1.71945,1.88055,2.57184,2.20843
KORD,ecmwf_ifs025,3,4,NO,2026-07-03,2026-08-15,-1.66111,2.25,2.60094,2.31101,-1.74444,2.25555,2.88071,2.64712
KORD,ecmwf_ifs025,4,4,NO,2026-07-03,2026-08-15,-1.46111,1.85,2.09162,1.72821,-2.96945,2.96945,4.1803,3.39751
KORD,ecmwf_ifs025,5,4,NO,2026-07-03,2026-08-15,-0.98611,2.375,2.53687,2.69896,-2.71944,2.71944,3.3309,2.22097
KORD,ecmwf_ifs025,6,4,NO,2026-07-03,2026-08-15,-1.58611,2.675,2.81901,2.69099,-3.84445,3.84445,4.41703,2.51142
KORD,ecmwf_ifs025,7,4,NO,2026-07-03,2026-08-15,-1.98611,2.80834,3.6566,3.54515,-4.24444,4.24444,4.69221,2.30985
KSEA,ecmwf_ifs025,1,1,NO,2026-07-16,2026-07-16,-2.3,2.3,2.3,,-4.22222,4.22222,4.22222,
KSEA,ecmwf_ifs025,2,1,NO,2026-07-16,2026-07-16,-1.9,1.9,1.9,,-3.72222,3.72222,3.72222,
KSEA,ecmwf_ifs025,3,1,NO,2026-07-16,2026-07-16,-1.2,1.2,1.2,,-2.42222,2.42222,2.42222,
KSEA,ecmwf_ifs025,4,1,NO,2026-07-16,2026-07-16,-0.6,0.6,0.6,,-0.52222,0.52222,0.52222,
KSEA,ecmwf_ifs025,5,1,NO,2026-07-16,2026-07-16,-0.5,0.5,0.5,,-7.22222,7.22222,7.22222,
KSEA,ecmwf_ifs025,6,1,NO,2026-07-16,2026-07-16,-0.9,0.9,0.9,,-9.22222,9.22222,9.22222,
KSEA,ecmwf_ifs025,7,1,NO,2026-07-16,2026-07-16,-0.7,0.7,0.7,,-11.32222,11.32222,11.32222,
LEMD,ecmwf_ifs025,1,89,YES,2026-06-13,2026-09-09,-1.39888,1.68427,2.09566,1.56927,0.18315,0.57191,0.75394,0.75
LEMD,ecmwf_ifs025,2,89,YES,2026-06-13,2026-09-09,-1.57865,1.86404,2.26351,1.63133,0.05618,0.57079,0.81572,0.81839
LEMD,ecmwf_ifs025,3,89,YES,2026-06-13,2026-09-09,-1.79775,2.00449,2.44899,1.67244,-0.12921,0.72247,1.04607,1.04394
LEMD,ecmwf_ifs025,4,89,YES,2026-06-13,2026-09-09,-1.84382,2.1809,2.57558,1.8085,-0.23483,0.92022,1.37215,1.35957
LEMD,ecmwf_ifs025,5,89,YES,2026-06-13,2026-09-09,-1.92472,2.45056,2.89469,2.17435,-0.36629,1.16404,1.59937,1.56568
LEMD,ecmwf_ifs025,6,89,YES,2026-06-13,2026-09-09,-1.79663,2.59213,3.07894,2.51457,-0.13371,1.59888,2.28338,2.29238
LEMD,ecmwf_ifs025,7,89,YES,2026-06-13,2026-09-09,-1.87303,2.66854,3.24309,2.66252,-0.08989,1.9618,2.74615,2.76023
LFPB,ecmwf_ifs025,1,89,YES,2026-06-13,2026-09-09,-0.25506,0.9764,1.26389,1.2449,1.02247,1.25843,1.47595,1.07045
LFPB,ecmwf_ifs025,2,89,YES,2026-06-13,2026-09-09,-0.32247,1.1382,1.43766,1.40896,1.0191,1.33371,1.57355,1.20575
LFPB,ecmwf_ifs025,3,89,YES,2026-06-13,2026-09-09,-0.36742,1.15169,1.46958,1.43097,1.0191,1.46404,1.94529,1.66637
LFPB,ecmwf_ifs025,4,89,YES,2026-06-13,2026-09-09,-0.4809,1.31011,1.62626,1.56233,0.89213,1.45618,2.00578,1.80663
LFPB,ecmwf_ifs025,5,89,YES,2026-06-13,2026-09-09,-0.54494,1.50449,1.95451,1.88764,0.42247,1.80449,2.25154,2.22408
LFPB,ecmwf_ifs025,6,89,YES,2026-06-13,2026-09-09,-0.94831,2.20674,2.64902,2.48747,1.22697,2.33483,2.85889,2.59684
LFPB,ecmwf_ifs025,7,89,YES,2026-06-13,2026-09-09,-0.89438,2.36629,3.09998,2.98498,1.1618,2.61348,3.54261,3.36565
LIMC,ecmwf_ifs025,1,88,YES,2026-06-13,2026-09-09,-1.0125,1.59659,1.94279,1.6676,1.07955,1.24545,1.62502,1.22156
LIMC,ecmwf_ifs025,2,88,YES,2026-06-13,2026-09-09,-0.92045,1.52273,1.92354,1.69869,0.98409,1.24545,1.67352,1.36136
LIMC,ecmwf_ifs025,3,88,YES,2026-06-13,2026-09-09,-0.96136,1.58409,1.93872,1.69322,0.86364,1.27727,1.66576,1.43256
LIMC,ecmwf_ifs025,4,88,YES,2026-06-13,2026-09-09,-1.19659,1.64886,2.04136,1.66336,0.75455,1.36364,1.77553,1.61643
LIMC,ecmwf_ifs025,5,88,YES,2026-06-13,2026-09-09,-0.96932,1.62614,2.01497,1.77663,0.83864,1.52273,2.04784,1.87895
LIMC,ecmwf_ifs025,6,88,YES,2026-06-13,2026-09-09,-1.55114,2.13068,2.55568,2.04276,1.05114,1.99205,2.53702,2.32226
LIMC,ecmwf_ifs025,7,88,YES,2026-06-13,2026-09-09,-1.63295,2.16705,2.67809,2.13481,1.11818,2.35227,2.8894,2.67953
LTAC,ecmwf_ifs025,1,89,YES,2026-06-13,2026-09-09,-0.83034,1.19663,1.51335,1.27238,0.6809,1.06742,1.37326,1.19933
LTAC,ecmwf_ifs025,2,89,YES,2026-06-13,2026-09-09,-0.95955,1.24719,1.54832,1.22203,0.4191,1.0618,1.41505,1.35922
LTAC,ecmwf_ifs025,3,89,YES,2026-06-13,2026-09-09,-1.03146,1.32135,1.61148,1.24514,0.33258,0.98652,1.2815,1.2446
LTAC,ecmwf_ifs025,4,89,YES,2026-06-13,2026-09-09,-0.96292,1.36517,1.63147,1.32445,0.19326,1.1618,1.50542,1.50142
LTAC,ecmwf_ifs025,5,89,YES,2026-06-13,2026-09-09,-0.8427,1.43146,1.79863,1.598,0.42921,1.3573,1.77327,1.73029
LTAC,ecmwf_ifs025,6,89,YES,2026-06-13,2026-09-09,-1.86742,2.22022,2.6814,1.93513,0.59213,1.60112,2.10828,2.03488
LTAC,ecmwf_ifs025,7,89,YES,2026-06-13,2026-09-09,-1.94157,2.25843,2.82091,2.05801,0.35393,1.90225,2.45235,2.44043
MMMX,ecmwf_ifs025,1,11,NO,2026-06-15,2026-09-06,0.28182,0.79091,1.00227,1.00878,0.50909,1.18182,1.69384,1.69438
MMMX,ecmwf_ifs025,2,11,NO,2026-06-15,2026-09-06,0.33636,0.71818,0.93566,0.91572,0.23636,1.25455,1.53089,1.58636
MMMX,ecmwf_ifs025,3,11,NO,2026-06-15,2026-09-06,0.30909,0.83636,1.00091,0.99845,0.4,1.6,1.85178,1.89631
MMMX,ecmwf_ifs025,4,11,NO,2026-06-15,2026-09-06,0.51818,0.75455,0.84477,0.75,0.14545,1.87273,2.17339,2.27436
MMMX,ecmwf_ifs025,5,11,NO,2026-06-15,2026-09-06,0.4,0.65455,0.88728,0.83066,0.49091,1.30909,1.68469,1.69024
MMMX,ecmwf_ifs025,6,11,NO,2026-06-15,2026-09-06,0.96364,1.09091,1.2685,0.86519,1.54545,2.12727,2.32379,1.82009
MMMX,ecmwf_ifs025,7,11,NO,2026-06-15,2026-09-06,0.76364,0.83636,1.02425,0.75,1.78182,1.78182,2.10842,1.18222
NZWN,ecmwf_ifs025,1,88,YES,2026-06-14,2026-09-09,-0.23977,0.90568,1.20609,1.18879,0.825,0.94318,1.15168,0.80818
NZWN,ecmwf_ifs025,2,88,YES,2026-06-14,2026-09-09,-0.36705,0.97614,1.28563,1.23918,0.82159,1.03068,1.27667,0.98278
NZWN,ecmwf_ifs025,3,88,YES,2026-06-14,2026-09-09,-0.32841,1.04886,1.29768,1.26263,0.85114,1.08977,1.34507,1.04749
NZWN,ecmwf_ifs025,4,88,YES,2026-06-14,2026-09-09,-0.25341,1.25341,1.62078,1.61002,0.83977,1.13068,1.45957,1.20063
NZWN,ecmwf_ifs025,5,88,YES,2026-06-14,2026-09-09,-0.47955,1.69091,2.0309,1.98478,0.85227,1.17273,1.49187,1.23148
NZWN,ecmwf_ifs025,6,88,YES,2026-06-14,2026-09-09,-0.4875,1.68068,2.18109,2.1381,0.95114,1.37841,1.73333,1.45736
NZWN,ecmwf_ifs025,7,88,YES,2026-06-14,2026-09-09,-0.48409,1.73636,2.26013,2.22033,0.9125,1.35114,1.71845,1.46451
OPKC,ecmwf_ifs025,1,89,YES,2026-06-13,2026-09-09,1.2191,1.30225,1.3856,0.75,-0.88652,1.07079,1.36855,1.0485
OPKC,ecmwf_ifs025,2,89,YES,2026-06-13,2026-09-09,1.16966,1.24157,1.35311,0.75,-0.9382,1.19663,1.51772,1.19976
OPKC,ecmwf_ifs025,3,89,YES,2026-06-13,2026-09-09,1.12135,1.18652,1.28666,0.75,-1.14157,1.26292,1.59677,1.12278
OPKC,ecmwf_ifs025,4,89,YES,2026-06-13,2026-09-09,1.10449,1.16966,1.27416,0.75,-1.19888,1.35618,1.69927,1.21108
OPKC,ecmwf_ifs025,5,89,YES,2026-06-13,2026-09-09,1.11236,1.15955,1.26082,0.75,-1.28427,1.48202,1.833,1.31529
OPKC,ecmwf_ifs025,6,89,YES,2026-06-13,2026-09-09,1.32472,1.35618,1.45537,0.75,-0.50112,0.93258,1.26438,1.16741
OPKC,ecmwf_ifs025,7,89,YES,2026-06-13,2026-09-09,1.28876,1.30899,1.40389,0.75,-0.52809,1.00674,1.33845,1.23684
RJTT,ecmwf_ifs025,1,88,YES,2026-06-14,2026-09-09,0.74886,1.09886,1.32618,1.10078,-0.7375,1.55568,2.15478,2.03624
RJTT,ecmwf_ifs025,2,88,YES,2026-06-14,2026-09-09,0.8375,1.1625,1.36993,1.09032,-0.44886,1.46932,1.88791,1.84428
RJTT,ecmwf_ifs025,3,88,YES,2026-06-14,2026-09-09,0.99545,1.33182,1.51957,1.15469,-0.40455,1.69773,2.2636,2.23992
RJTT,ecmwf_ifs025,4,88,YES,2026-06-14,2026-09-09,0.95,1.4,1.67624,1.38895,-0.22841,1.57841,2.09548,2.09493
RJTT,ecmwf_ifs025,5,88,YES,2026-06-14,2026-09-09,1.09205,1.46932,1.71772,1.3335,-0.15114,1.76705,2.19977,2.20715
RJTT,ecmwf_ifs025,6,88,YES,2026-06-14,2026-09-09,0.85114,1.37386,1.70437,1.4851,0.58523,1.95341,2.40182,2.34278
RJTT,ecmwf_ifs025,7,88,YES,2026-06-14,2026-09-09,0.89545,1.45227,1.83594,1.61195,0.44886,2.39205,2.99122,2.9743
RKPK,ecmwf_ifs025,1,3,NO,2026-08-18,2026-08-29,0.96667,0.96667,1.01489,0.75,0.4,0.8,1.07083,1.21655
RKPK,ecmwf_ifs025,2,3,NO,2026-08-18,2026-08-29,1.03333,1.03333,1.07238,0.75,-0.46667,1.53333,1.61038,1.88768
RKPK,ecmwf_ifs025,3,3,NO,2026-08-18,2026-08-29,1.5,1.5,1.52643,0.75,-0.16667,1.16667,1.41067,1.71561
RKPK,ecmwf_ifs025,4,3,NO,2026-08-18,2026-08-29,1.46667,1.46667,1.62275,0.85049,-0.63333,1.16667,1.38203,1.50444
RKPK,ecmwf_ifs025,5,3,NO,2026-08-18,2026-08-29,1.03333,1.03333,1.1619,0.75,-0.66667,0.66667,0.74386,0.75
RKPK,ecmwf_ifs025,6,3,NO,2026-08-18,2026-08-29,0.66667,0.66667,0.78316,0.75,-1.13333,1.6,2.38467,2.5697
RKPK,ecmwf_ifs025,7,3,NO,2026-08-18,2026-08-29,1.63333,1.63333,1.70783,0.75,-2.1,2.1,2.21284,0.8544
RKSI,ecmwf_ifs025,1,88,YES,2026-06-14,2026-09-09,0.43409,0.73864,0.96519,0.86701,1.16136,1.41818,1.74786,1.31371
RKSI,ecmwf_ifs025,2,88,YES,2026-06-14,2026-09-09,0.49432,0.85114,1.15133,1.04578,1.10114,1.50795,1.85488,1.50123
RKSI,ecmwf_ifs025,3,88,YES,2026-06-14,2026-09-09,0.41136,0.87273,1.16629,1.09759,1.07727,1.56364,2.00448,1.70008
RKSI,ecmwf_ifs025,4,88,YES,2026-06-14,2026-09-09,0.56932,1.06023,1.47814,1.37192,0.95909,1.67955,2.12073,1.90231
RKSI,ecmwf_ifs025,5,88,YES,2026-06-14,2026-09-09,0.58523,0.97841,1.36777,1.24333,0.82273,1.77273,2.31929,2.18088
RKSI,ecmwf_ifs025,6,88,YES,2026-06-14,2026-09-09,0.21932,0.93068,1.2573,1.24512,1.05227,2.17727,2.66982,2.46777
RKSI,ecmwf_ifs025,7,88,YES,2026-06-14,2026-09-09,0.05,0.97273,1.34882,1.35562,0.9375,2.17159,2.62503,2.46597
SAEZ,ecmwf_ifs025,1,2,NO,2026-07-18,2026-07-21,0.85,0.85,0.85147,0.75,1.1,1.7,2.02485,2.40416
SAEZ,ecmwf_ifs025,2,2,NO,2026-07-18,2026-07-21,1.05,1.05,1.14237,0.75,0.05,1.65,1.65076,2.33345
SAEZ,ecmwf_ifs025,3,2,NO,2026-07-18,2026-07-21,1.05,1.05,1.07935,0.75,-0.15,1.55,1.55724,2.19203
SAEZ,ecmwf_ifs025,4,2,NO,2026-07-18,2026-07-21,2.35,2.35,2.57391,1.48492,1.5,1.5,1.61555,0.84853
SAEZ,ecmwf_ifs025,5,2,NO,2026-07-18,2026-07-21,1.9,1.9,1.90263,0.75,1.65,1.65,2.19659,2.05061
SAEZ,ecmwf_ifs025,6,2,NO,2026-07-18,2026-07-21,2.55,2.55,2.5894,0.75,0.15,3.25,3.25346,4.59619
SAEZ,ecmwf_ifs025,7,2,NO,2026-07-18,2026-07-21,2.95,2.95,3.07002,1.20208,1.85,1.95,2.68794,2.75772
VILK,ecmwf_ifs025,1,89,YES,2026-06-13,2026-09-09,0.77416,1.13146,1.37485,1.14262,0.71573,1.21236,1.48085,1.30374
VILK,ecmwf_ifs025,2,89,YES,2026-06-13,2026-09-09,0.89326,1.33596,1.62131,1.36071,0.93146,1.4236,1.72467,1.45973
VILK,ecmwf_ifs025,3,89,YES,2026-06-13,2026-09-09,0.96629,1.34607,1.59775,1.27964,0.92809,1.45169,1.80716,1.55943
VILK,ecmwf_ifs025,4,89,YES,2026-06-13,2026-09-09,0.93933,1.4382,1.66531,1.3829,0.94719,1.52921,1.87134,1.62306
VILK,ecmwf_ifs025,5,89,YES,2026-06-13,2026-09-09,0.9764,1.5764,1.89147,1.62914,0.89101,1.68876,2.08733,1.8983
VILK,ecmwf_ifs025,6,89,YES,2026-06-13,2026-09-09,0.99213,1.60337,1.94927,1.6874,1.50899,2.09101,2.56688,2.08826
VILK,ecmwf_ifs025,7,89,YES,2026-06-13,2026-09-09,0.98427,1.54382,1.88328,1.6147,1.16966,1.90674,2.41151,2.12081
WMKK,ecmwf_ifs025,1,88,YES,2026-06-14,2026-09-09,1.93295,1.99886,2.25522,1.16843,1.70114,1.75114,2.01542,1.08697
WMKK,ecmwf_ifs025,2,88,YES,2026-06-14,2026-09-09,2.0625,2.11932,2.32987,1.0899,1.7875,1.87159,2.1729,1.24252
WMKK,ecmwf_ifs025,3,88,YES,2026-06-14,2026-09-09,2.23864,2.28864,2.50558,1.13182,1.68068,1.7875,2.09217,1.25312
WMKK,ecmwf_ifs025,4,88,YES,2026-06-14,2026-09-09,2.24432,2.29659,2.53016,1.17492,1.77614,1.93068,2.23335,1.36171
WMKK,ecmwf_ifs025,5,88,YES,2026-06-14,2026-09-09,2.18068,2.22159,2.47292,1.17286,1.80682,1.94091,2.23246,1.31872
WMKK,ecmwf_ifs025,6,88,YES,2026-06-14,2026-09-09,2.12045,2.15682,2.39929,1.12905,2.04545,2.11818,2.43334,1.3256
WMKK,ecmwf_ifs025,7,88,YES,2026-06-14,2026-09-09,2.2125,2.26477,2.48914,1.14699,1.89318,2.0,2.36095,1.41874
WSSS,ecmwf_ifs025,1,88,YES,2026-06-14,2026-09-09,1.23068,1.45341,1.69963,1.17897,1.54545,1.59545,1.83823,1.00102
WSSS,ecmwf_ifs025,2,88,YES,2026-06-14,2026-09-09,1.25909,1.57955,1.88601,1.41223,1.65909,1.76591,2.0076,1.13691
WSSS,ecmwf_ifs025,3,88,YES,2026-06-14,2026-09-09,1.24318,1.54773,1.83842,1.36211,1.64545,1.73409,1.97869,1.10525
WSSS,ecmwf_ifs025,4,88,YES,2026-06-14,2026-09-09,1.22955,1.55455,1.86401,1.40902,1.55909,1.68636,1.9124,1.11382
WSSS,ecmwf_ifs025,5,88,YES,2026-06-14,2026-09-09,1.26591,1.63864,1.9862,1.53929,1.60568,1.74659,2.00633,1.20986
WSSS,ecmwf_ifs025,6,88,YES,2026-06-14,2026-09-09,0.96364,1.43409,1.71974,1.43256,1.8125,1.8875,2.24937,1.33974
WSSS,ecmwf_ifs025,7,88,YES,2026-06-14,2026-09-09,1.00341,1.45568,1.7582,1.45203,1.67159,1.79432,2.17812,1.40442
ZBAA,ecmwf_ifs025,1,89,YES,2026-06-13,2026-09-09,-0.34831,1.10787,1.37653,1.33928,0.4236,1.33371,1.71369,1.66992
ZBAA,ecmwf_ifs025,2,89,YES,2026-06-13,2026-09-09,-0.32697,1.11573,1.41441,1.3839,0.29438,1.56854,1.91047,1.89835
ZBAA,ecmwf_ifs025,3,89,YES,2026-06-13,2026-09-09,-0.39438,1.17416,1.46391,1.41777,0.24607,1.67528,2.2288,2.22772
ZBAA,ecmwf_ifs025,4,89,YES,2026-06-13,2026-09-09,-0.29213,1.36854,1.67982,1.6636,0.29775,2.04607,2.71403,2.71293
ZBAA,ecmwf_ifs025,5,89,YES,2026-06-13,2026-09-09,-0.48315,1.40225,1.80604,1.75008,0.59101,2.04045,2.48845,2.43094
ZBAA,ecmwf_ifs025,6,89,YES,2026-06-13,2026-09-09,-0.9618,1.5573,2.01595,1.78176,0.61685,2.35618,2.93837,2.88917
ZBAA,ecmwf_ifs025,7,89,YES,2026-06-13,2026-09-09,-0.97865,1.68202,2.15221,1.9277,0.38764,2.76292,3.47817,3.47608
ZGGG,ecmwf_ifs025,1,89,YES,2026-06-13,2026-09-09,1.26067,1.3191,1.53813,0.88621,1.35281,1.64944,2.02945,1.52137
ZGGG,ecmwf_ifs025,2,89,YES,2026-06-13,2026-09-09,1.24719,1.30112,1.56011,0.94257,1.46629,1.92697,2.24332,1.7074
ZGGG,ecmwf_ifs025,3,89,YES,2026-06-13,2026-09-09,1.2236,1.33146,1.59765,1.03309,1.38427,2.00449,2.38794,1.9568
ZGGG,ecmwf_ifs025,4,89,YES,2026-06-13,2026-09-09,1.09438,1.24944,1.50527,1.03938,1.08427,2.14494,2.61665,2.39492
ZGGG,ecmwf_ifs025,5,89,YES,2026-06-13,2026-09-09,1.13933,1.28315,1.5393,1.04094,1.26404,2.21685,2.68079,2.37746
ZGGG,ecmwf_ifs025,6,89,YES,2026-06-13,2026-09-09,1.01798,1.27416,1.5087,1.11982,1.98989,2.76292,3.33839,2.69571
ZGGG,ecmwf_ifs025,7,89,YES,2026-06-13,2026-09-09,1.0,1.33258,1.58929,1.24225,1.86966,2.75955,3.38656,2.83967
ZSPD,ecmwf_ifs025,1,88,YES,2026-06-14,2026-09-09,-0.12045,0.63409,0.92981,0.92726,1.05455,1.31364,1.62593,1.24466
ZSPD,ecmwf_ifs025,2,88,YES,2026-06-14,2026-09-09,-0.07159,0.73977,1.00663,1.00983,1.1875,1.39886,1.73575,1.27323
ZSPD,ecmwf_ifs025,3,88,YES,2026-06-14,2026-09-09,-0.01364,0.72955,0.97386,0.97935,1.20568,1.46477,1.82212,1.37401
ZSPD,ecmwf_ifs025,4,88,YES,2026-06-14,2026-09-09,0.04659,0.83523,1.11105,1.11643,1.11023,1.6125,1.95747,1.62141
ZSPD,ecmwf_ifs025,5,88,YES,2026-06-14,2026-09-09,0.02614,0.82614,1.08738,1.09329,1.09318,1.69545,2.13659,1.84626
ZSPD,ecmwf_ifs025,6,88,YES,2026-06-14,2026-09-09,-0.06591,0.82273,1.05626,1.06024,1.32955,1.99773,2.52519,2.15914
ZSPD,ecmwf_ifs025,7,88,YES,2026-06-14,2026-09-09,-0.21932,0.88068,1.18182,1.16795,1.38295,2.09205,2.68415,2.31364
