run_at,city,station,market_date,market_type,market_id,event_key,bucket_type,bucket_value,bucket_low,bucket_high,model_probability,market_probability,entry_price,entry_source,fee_rate,fee_per_share,gross_edge,net_ev_per_share,forecast_count,forecast_models,forecast_mean_c,forecast_sigma_c,calibration_source,calibration_samples,calibration_bias_c,calibration_sigma_c,calibration_flag,calibration_lead_days,family_probability_sum,family_status,execution_quality,signal,reason
2026-09-11T16:03:48.658698+00:00,Madrid,LEMD,2026-09-11,lowest_temperature,4399261,madrid|2026_09_11|lowest_temperature|c|lemd,or_lower,11.0,,11.0,0.600322,0.005,0.009,ask,0.05,0.00044595,0.591322,0.590877,1,ecmwf,11.1011,1.5693,station_model_lead_min,89,-1.3989,1.5693,OK,1,0.399678,INCOMPLETE,EXECUTABLE_ASK,PAPER_BUY,calibrated_thresholds_pass
2026-09-11T16:03:48.662406+00:00,Munich,EDDM,2026-09-11,highest_temperature,4400023,munich|2026_09_11|highest_temperature|c|eddm,or_higher,21.0,21.0,,0.589362,0.0055,0.01,ask,0.05,0.000495,0.579362,0.578867,1,ecmwf,20.8079,1.3628,station_model_lead_max,89,1.8079,1.3628,OK,1,0.410638,INCOMPLETE,EXECUTABLE_ASK,PAPER_BUY,calibrated_thresholds_pass
2026-09-11T16:03:48.665087+00:00,Helsinki,EFHK,2026-09-11,highest_temperature,4400238,helsinki|2026_09_11|highest_temperature|c|efhk,exact,18.0,18.0,18.0,0.357257,0.0015,0.003,ask,0.05,0.00014955,0.354257,0.354107,1,ecmwf,17.8416,1.1634,station_model_lead_max,89,0.9416,1.1634,OK,1,0.922987,PASS,EXECUTABLE_ASK,PAPER_BUY,calibrated_thresholds_pass
2026-09-11T16:03:48.656918+00:00,Paris,LFPB,2026-09-11,lowest_temperature,4399131,paris|2026_09_11|lowest_temperature|c|lfpb,exact,12.0,12.0,12.0,0.341917,0.02,0.04,ask,0.05,0.00192,0.301917,0.299997,1,ecmwf,12.1449,1.2449,station_model_lead_min,89,-0.2551,1.2449,OK,1,0.906807,PASS,EXECUTABLE_ASK,PAPER_BUY,calibrated_thresholds_pass
2026-09-11T16:03:48.663476+00:00,Milan,LIMC,2026-09-11,highest_temperature,4400095,milan|2026_09_11|highest_temperature|c|limc,exact,26.0,26.0,26.0,0.293328,0.015,0.03,ask,0.05,0.001455,0.263328,0.261873,1,ecmwf,25.3796,1.2216,station_model_lead_max,88,1.0796,1.2216,OK,1,0.958705,PASS,EXECUTABLE_ASK,PAPER_BUY,calibrated_thresholds_pass
2026-09-11T16:03:48.660730+00:00,Guangzhou,ZGGG,2026-09-11,lowest_temperature,4399442,guangzhou|2026_09_11|lowest_temperature|c|zggg,exact,24.0,24.0,24.0,0.279672,0.01,0.02,ask,0.05,0.00098,0.259672,0.258692,1,ecmwf,24.8607,0.8862,station_model_lead_min,89,1.2607,0.8862,OK,1,0.99998,PASS,EXECUTABLE_ASK,PAPER_BUY,calibrated_thresholds_pass
2026-09-11T16:03:48.693344+00:00,Helsinki,EFHK,2026-09-13,highest_temperature,4461913,helsinki|2026_09_13|highest_temperature|c|efhk,exact,18.0,18.0,18.0,0.286441,0.06,0.07,ask,0.05,0.003255,0.216441,0.213186,1,ecmwf,17.8045,1.3861,station_model_lead_max,89,0.8045,1.3861,OK,2,0.974088,PASS,EXECUTABLE_ASK,PAPER_BUY,calibrated_thresholds_pass
2026-09-11T16:03:48.675766+00:00,Ankara,LTAC,2026-09-12,highest_temperature,4431221,ankara|2026_09_12|highest_temperature|c|ltac,exact,33.0,33.0,33.0,0.234104,0.01,0.02,ask,0.05,0.00098,0.214104,0.213124,1,ecmwf,31.9809,1.1993,station_model_lead_max,89,0.6809,1.1993,OK,1,0.982154,PASS,EXECUTABLE_ASK,PAPER_BUY,calibrated_thresholds_pass
2026-09-11T16:03:48.657957+00:00,Shanghai,ZSPD,2026-09-11,lowest_temperature,4399231,shanghai|2026_09_11|lowest_temperature|c|zspd,exact,22.0,22.0,22.0,0.221753,0.0045,0.009,ask,0.05,0.00044595,0.212753,0.212307,1,ecmwf,23.0795,0.9273,station_model_lead_min,88,-0.1205,0.9273,OK,1,0.999943,PASS,EXECUTABLE_ASK,PAPER_BUY,calibrated_thresholds_pass
2026-09-11T16:03:48.675197+00:00,Paris,LFPB,2026-09-12,highest_temperature,4431195,paris|2026_09_12|highest_temperature|c|lfpb,exact,24.0,24.0,24.0,0.321911,0.1,0.11,ask,0.05,0.004895,0.211911,0.207016,1,ecmwf,24.5225,1.0704,station_model_lead_max,89,1.0225,1.0704,OK,1,0.999913,PASS,EXECUTABLE_ASK,PAPER_BUY,calibrated_thresholds_pass
2026-09-11T16:03:48.656907+00:00,Paris,LFPB,2026-09-11,lowest_temperature,4399130,paris|2026_09_11|lowest_temperature|c|lfpb,exact,11.0,11.0,11.0,0.230493,0.0125,0.025,ask,0.05,0.00121875,0.205493,0.204274,1,ecmwf,12.1449,1.2449,station_model_lead_min,89,-0.2551,1.2449,OK,1,0.906807,PASS,EXECUTABLE_ASK,PAPER_BUY,calibrated_thresholds_pass
2026-09-11T16:03:48.676246+00:00,Lucknow,VILK,2026-09-12,highest_temperature,4431241,lucknow|2026_09_12|highest_temperature|c|vilk,exact,32.0,32.0,32.0,0.292574,0.08,0.09,ask,0.05,0.004095,0.202574,0.198479,1,ecmwf,32.3157,1.3037,station_model_lead_max,89,0.7157,1.3037,OK,1,0.992701,PASS,EXECUTABLE_ASK,PAPER_BUY,calibrated_thresholds_pass
2026-09-11T16:03:48.694333+00:00,Karachi,OPKC,2026-09-13,highest_temperature,4461980,karachi|2026_09_13|highest_temperature|c|opkc,exact,39.0,39.0,39.0,0.342422,0.135,0.14,ask,0.05,0.00602,0.202422,0.196402,1,ecmwf,38.7618,1.1998,station_model_lead_max,89,-0.9382,1.1998,OK,2,0.926302,PASS,EXECUTABLE_ASK,PAPER_BUY,calibrated_thresholds_pass
2026-09-11T16:03:48.690097+00:00,Wellington,NZWN,2026-09-13,highest_temperature,4461671,wellington|2026_09_13|highest_temperature|c|nzwn,exact,14.0,14.0,14.0,0.357618,0.145,0.16,ask,0.05,0.00672,0.197618,0.190898,1,ecmwf,14.4216,0.9828,station_model_lead_max,88,0.8216,0.9828,OK,2,0.999967,PASS,EXECUTABLE_ASK,PAPER_BUY,calibrated_thresholds_pass
2026-09-11T16:03:48.694342+00:00,Karachi,OPKC,2026-09-13,highest_temperature,4461981,karachi|2026_09_13|highest_temperature|c|opkc,exact,40.0,40.0,40.0,0.211037,0.01,0.02,ask,0.05,0.00098,0.191037,0.190057,1,ecmwf,38.7618,1.1998,station_model_lead_max,89,-0.9382,1.1998,OK,2,0.926302,PASS,EXECUTABLE_ASK,PAPER_BUY,calibrated_thresholds_pass
2026-09-11T16:03:48.669179+00:00,London,EGLC,2026-09-12,lowest_temperature,4430344,london|2026_09_12|lowest_temperature|c|eglc,exact,12.0,12.0,12.0,0.25752,0.055,0.08,ask,0.05,0.00368,0.17752,0.17384,1,ecmwf,12.9292,0.7786,station_model_lead_min,89,0.2292,0.7786,OK,1,1.0,PASS,EXECUTABLE_ASK,PAPER_BUY,calibrated_thresholds_pass
2026-09-11T16:03:48.664856+00:00,Amsterdam,EHAM,2026-09-11,highest_temperature,4400227,amsterdam|2026_09_11|highest_temperature|c|eham,exact,22.0,22.0,22.0,0.176083,0.002,0.004,ask,0.05,0.0001992,0.172083,0.171884,1,ecmwf,20.6393,1.1637,station_model_lead_max,89,0.6393,1.1637,OK,1,0.993019,PASS,EXECUTABLE_ASK,PAPER_BUY,calibrated_thresholds_pass
2026-09-11T16:03:48.679001+00:00,Amsterdam,EHAM,2026-09-12,highest_temperature,4431459,amsterdam|2026_09_12|highest_temperature|c|eham,exact,20.0,20.0,20.0,0.245091,0.055,0.07,ask,0.05,0.003255,0.175091,0.171836,1,ecmwf,20.9393,1.1637,station_model_lead_max,89,0.6393,1.1637,OK,1,0.998891,PASS,EXECUTABLE_ASK,PAPER_BUY,calibrated_thresholds_pass
2026-09-11T16:03:48.675460+00:00,Seoul (Incheon),RKSI,2026-09-12,highest_temperature,4431206,seoul_incheon|2026_09_12|highest_temperature|c|rksi,exact,23.0,23.0,23.0,0.241753,0.065,0.07,ask,0.05,0.003255,0.171753,0.168498,1,ecmwf,23.8614,1.3137,station_model_lead_max,88,1.1614,1.3137,OK,1,0.999343,PASS,EXECUTABLE_ASK,PAPER_BUY,calibrated_thresholds_pass
2026-09-11T16:03:48.677528+00:00,Milan,LIMC,2026-09-12,highest_temperature,4431326,milan|2026_09_12|highest_temperature|c|limc,exact,24.0,24.0,24.0,0.23908,0.05,0.07,ask,0.05,0.003255,0.16908,0.165825,1,ecmwf,24.9795,1.2216,station_model_lead_max,88,1.0796,1.2216,OK,1,0.980458,PASS,EXECUTABLE_ASK,PAPER_BUY,calibrated_thresholds_pass
2026-09-11T16:03:48.671246+00:00,Shanghai,ZSPD,2026-09-12,lowest_temperature,4430455,shanghai|2026_09_12|lowest_temperature|c|zspd,exact,23.0,23.0,23.0,0.321565,0.095,0.15,ask,0.05,0.006375,0.171565,0.16519,1,ecmwf,23.6795,0.9273,station_model_lead_min,88,-0.1205,0.9273,OK,1,0.999981,PASS,EXECUTABLE_ASK,PAPER_BUY,calibrated_thresholds_pass
2026-09-11T16:03:48.693353+00:00,Helsinki,EFHK,2026-09-13,highest_temperature,4461914,helsinki|2026_09_13|highest_temperature|c|efhk,exact,19.0,19.0,19.0,0.202537,0.025,0.04,ask,0.05,0.00192,0.162537,0.160617,1,ecmwf,17.8045,1.3861,station_model_lead_max,89,0.8045,1.3861,OK,2,0.974088,PASS,EXECUTABLE_ASK,PAPER_BUY,calibrated_thresholds_pass
2026-09-11T16:03:48.670177+00:00,Wellington,NZWN,2026-09-12,lowest_temperature,4430390,wellington|2026_09_12|lowest_temperature|c|nzwn,exact,10.0,10.0,10.0,0.284441,0.075,0.12,ask,0.05,0.00528,0.164441,0.159161,1,ecmwf,9.3602,1.1888,station_model_lead_min,88,-0.2398,1.1888,OK,1,0.99973,PASS,EXECUTABLE_ASK,PAPER_BUY,calibrated_thresholds_pass
2026-09-11T16:03:48.692134+00:00,Warsaw,EPWA,2026-09-13,highest_temperature,4461782,warsaw|2026_09_13|highest_temperature|c|epwa,exact,19.0,19.0,19.0,0.342243,0.175,0.18,ask,0.05,0.00738,0.162243,0.154863,1,ecmwf,19.1281,1.1214,station_model_lead_max,89,0.2281,1.1214,OK,2,0.999933,PASS,EXECUTABLE_ASK,PAPER_BUY,calibrated_thresholds_pass
2026-09-11T16:03:48.676236+00:00,Lucknow,VILK,2026-09-12,highest_temperature,4431240,lucknow|2026_09_12|highest_temperature|c|vilk,exact,31.0,31.0,31.0,0.185259,0.02,0.03,ask,0.05,0.001455,0.155259,0.153804,1,ecmwf,32.3157,1.3037,station_model_lead_max,89,0.7157,1.3037,OK,1,0.992701,PASS,EXECUTABLE_ASK,PAPER_BUY,calibrated_thresholds_pass
2026-09-11T16:03:48.679286+00:00,Helsinki,EFHK,2026-09-12,highest_temperature,4431473,helsinki|2026_09_12|highest_temperature|c|efhk,exact,18.0,18.0,18.0,0.193613,0.035,0.04,ask,0.05,0.00192,0.153613,0.151693,1,ecmwf,16.7416,1.1634,station_model_lead_max,89,0.9416,1.1634,OK,1,0.991128,PASS,EXECUTABLE_ASK,PAPER_BUY,calibrated_thresholds_pass
2026-09-11T16:03:48.676485+00:00,Munich,EDDM,2026-09-12,highest_temperature,4431251,munich|2026_09_12|highest_temperature|c|eddm,exact,24.0,24.0,24.0,0.223352,0.06,0.07,ask,0.05,0.003255,0.153352,0.150097,1,ecmwf,23.0079,1.3628,station_model_lead_max,89,1.8079,1.3628,OK,1,0.994945,PASS,EXECUTABLE_ASK,PAPER_BUY,calibrated_thresholds_pass
2026-09-11T16:03:48.690620+00:00,Munich,EDDM,2026-09-13,highest_temperature,4461694,munich|2026_09_13|highest_temperature|c|eddm,exact,26.0,26.0,26.0,0.181486,0.025,0.03,ask,0.05,0.001455,0.151486,0.150031,1,ecmwf,24.6719,1.5345,station_model_lead_max,89,1.8719,1.5345,OK,2,0.980566,PASS,EXECUTABLE_ASK,PAPER_BUY,calibrated_thresholds_pass
2026-09-11T16:03:48.689870+00:00,Ankara,LTAC,2026-09-13,highest_temperature,4461663,ankara|2026_09_13|highest_temperature|c|ltac,exact,34.0,34.0,34.0,0.188271,0.03,0.04,ask,0.05,0.00192,0.148271,0.146351,1,ecmwf,32.7191,1.3592,station_model_lead_max,89,0.4191,1.3592,OK,2,0.997234,PASS,EXECUTABLE_ASK,PAPER_BUY,calibrated_thresholds_pass
2026-09-11T16:03:48.676008+00:00,Wellington,NZWN,2026-09-12,highest_temperature,4431231,wellington|2026_09_12|highest_temperature|c|nzwn,exact,15.0,15.0,15.0,0.212738,0.06,0.07,ask,0.05,0.003255,0.142738,0.139483,1,ecmwf,13.925,0.8082,station_model_lead_max,88,0.825,0.8082,OK,1,0.999995,PASS,EXECUTABLE_ASK,PAPER_BUY,calibrated_thresholds_pass
2026-09-11T16:03:48.663486+00:00,Milan,LIMC,2026-09-11,highest_temperature,4400096,milan|2026_09_11|highest_temperature|c|limc,exact,27.0,27.0,27.0,0.14417,0.0025,0.005,ask,0.05,0.00024875,0.13917,0.138921,1,ecmwf,25.3796,1.2216,station_model_lead_max,88,1.0796,1.2216,OK,1,0.958705,PASS,EXECUTABLE_ASK,PAPER_BUY,calibrated_thresholds_pass
2026-09-11T16:03:48.677008+00:00,Shanghai,ZSPD,2026-09-12,highest_temperature,4431295,shanghai|2026_09_12|highest_temperature|c|zspd,exact,30.0,30.0,30.0,0.293909,0.14,0.15,ask,0.05,0.006375,0.143909,0.137534,1,ecmwf,29.5545,1.2447,station_model_lead_max,88,1.0546,1.2447,OK,1,0.999403,PASS,EXECUTABLE_ASK,PAPER_BUY,calibrated_thresholds_pass
2026-09-11T16:03:48.677018+00:00,Shanghai,ZSPD,2026-09-12,highest_temperature,4431296,shanghai|2026_09_12|highest_temperature|c|zspd,exact,31.0,31.0,31.0,0.164822,0.025,0.03,ask,0.05,0.001455,0.134822,0.133367,1,ecmwf,29.5545,1.2447,station_model_lead_max,88,1.0546,1.2447,OK,1,0.999403,PASS,EXECUTABLE_ASK,PAPER_BUY,calibrated_thresholds_pass
2026-09-11T16:03:48.691625+00:00,Milan,LIMC,2026-09-13,highest_temperature,4461760,milan|2026_09_13|highest_temperature|c|limc,exact,24.0,24.0,24.0,0.164581,0.025,0.03,ask,0.05,0.001455,0.134581,0.133126,1,ecmwf,25.4841,1.3614,station_model_lead_max,88,0.9841,1.3614,OK,2,0.986627,PASS,EXECUTABLE_ASK,PAPER_BUY,calibrated_thresholds_pass
2026-09-11T16:03:48.692124+00:00,Warsaw,EPWA,2026-09-13,highest_temperature,4461781,warsaw|2026_09_13|highest_temperature|c|epwa,exact,18.0,18.0,18.0,0.214449,0.06,0.08,ask,0.05,0.00368,0.134449,0.130769,1,ecmwf,19.1281,1.1214,station_model_lead_max,89,0.2281,1.1214,OK,2,0.999933,PASS,EXECUTABLE_ASK,PAPER_BUY,calibrated_thresholds_pass
2026-09-11T16:03:48.663987+00:00,Warsaw,EPWA,2026-09-11,highest_temperature,4400113,warsaw|2026_09_11|highest_temperature|c|epwa,exact,18.0,18.0,18.0,0.13438,0.003,0.005,ask,0.05,0.00024875,0.12938,0.129132,1,ecmwf,16.2921,1.2101,station_model_lead_max,89,0.2921,1.2101,OK,1,0.930692,PASS,EXECUTABLE_ASK,PAPER_BUY,calibrated_thresholds_pass
2026-09-11T16:03:48.691120+00:00,Shanghai,ZSPD,2026-09-13,highest_temperature,4461738,shanghai|2026_09_13|highest_temperature|c|zspd,exact,31.0,31.0,31.0,0.27399,0.12,0.14,ask,0.05,0.00602,0.13399,0.12797,1,ecmwf,30.3875,1.2732,station_model_lead_max,88,1.1875,1.2732,OK,2,0.998838,PASS,EXECUTABLE_ASK,PAPER_BUY,calibrated_thresholds_pass
2026-09-11T16:03:48.660018+00:00,Helsinki,EFHK,2026-09-11,lowest_temperature,4399393,helsinki|2026_09_11|lowest_temperature|c|efhk,or_lower,6.0,,6.0,0.143435,0.011,0.02,ask,0.05,0.00098,0.123435,0.122455,1,ecmwf,8.0034,1.4116,station_model_lead_min,89,-1.0966,1.4116,OK,1,0.856565,INCOMPLETE,EXECUTABLE_ASK,PAPER_BUY,calibrated_thresholds_pass
2026-09-11T16:03:48.678004+00:00,Warsaw,EPWA,2026-09-12,highest_temperature,4431344,warsaw|2026_09_12|highest_temperature|c|epwa,exact,17.0,17.0,17.0,0.157344,0.03,0.04,ask,0.05,0.00192,0.117344,0.115424,1,ecmwf,18.4921,1.2101,station_model_lead_max,89,0.2921,1.2101,OK,1,0.993293,PASS,EXECUTABLE_ASK,PAPER_BUY,calibrated_thresholds_pass
2026-09-11T16:03:48.656627+00:00,London,EGLC,2026-09-11,lowest_temperature,4399123,london|2026_09_11|lowest_temperature|c|eglc,exact,15.0,15.0,15.0,0.134033,0.011,0.02,ask,0.05,0.00098,0.114033,0.113053,1,ecmwf,16.3292,0.7786,station_model_lead_min,89,0.2292,0.7786,OK,1,0.999977,PASS,EXECUTABLE_ASK,PAPER_BUY,calibrated_thresholds_pass
2026-09-11T16:03:48.675187+00:00,Paris,LFPB,2026-09-12,highest_temperature,4431194,paris|2026_09_12|highest_temperature|c|lfpb,exact,23.0,23.0,23.0,0.140335,0.02,0.03,ask,0.05,0.001455,0.110335,0.10888,1,ecmwf,24.5225,1.0704,station_model_lead_max,89,1.0225,1.0704,OK,1,0.999913,PASS,EXECUTABLE_ASK,PAPER_BUY,calibrated_thresholds_pass
2026-09-11T16:03:48.690087+00:00,Wellington,NZWN,2026-09-13,highest_temperature,4461670,wellington|2026_09_13|highest_temperature|c|nzwn,exact,13.0,13.0,13.0,0.148918,0.03,0.04,ask,0.05,0.00192,0.108918,0.106998,1,ecmwf,14.4216,0.9828,station_model_lead_max,88,0.8216,0.9828,OK,2,0.999967,PASS,EXECUTABLE_ASK,PAPER_BUY,calibrated_thresholds_pass
2026-09-11T16:03:48.675450+00:00,Seoul (Incheon),RKSI,2026-09-12,highest_temperature,4431205,seoul_incheon|2026_09_12|highest_temperature|c|rksi,exact,22.0,22.0,22.0,0.113983,0.006,0.009,ask,0.05,0.00044595,0.104983,0.104537,1,ecmwf,23.8614,1.3137,station_model_lead_max,88,1.1614,1.3137,OK,1,0.999343,PASS,EXECUTABLE_ASK,PAPER_BUY,calibrated_thresholds_pass
2026-09-11T16:03:48.676783+00:00,Tokyo,RJTT,2026-09-12,highest_temperature,4431276,tokyo|2026_09_12|highest_temperature|c|rjtt,exact,26.0,26.0,26.0,0.164439,0.05,0.06,ask,0.05,0.00282,0.104439,0.101619,1,ecmwf,24.5625,2.0362,station_model_lead_max,88,-0.7375,2.0362,OK,1,0.923981,PASS,EXECUTABLE_ASK,PAPER_BUY,calibrated_thresholds_pass
2026-09-11T16:03:48.693600+00:00,Kuala Lumpur,WMKK,2026-09-13,highest_temperature,4461924,kuala_lumpur|2026_09_13|highest_temperature|c|wmkk,exact,34.0,34.0,34.0,0.256285,0.135,0.15,ask,0.05,0.006375,0.106285,0.09991,1,ecmwf,33.1875,1.2425,station_model_lead_max,88,1.7875,1.2425,OK,2,0.996159,PASS,EXECUTABLE_ASK,PAPER_BUY,calibrated_thresholds_pass
2026-09-11T16:03:48.676494+00:00,Munich,EDDM,2026-09-12,highest_temperature,4431252,munich|2026_09_12|highest_temperature|c|eddm,exact,25.0,25.0,25.0,0.103583,0.0035,0.004,ask,0.05,0.0001992,0.099583,0.099384,1,ecmwf,23.0079,1.3628,station_model_lead_max,89,1.8079,1.3628,OK,1,0.994945,PASS,EXECUTABLE_ASK,PAPER_BUY,calibrated_thresholds_pass
2026-09-11T16:03:48.683594+00:00,Paris,LFPB,2026-09-13,lowest_temperature,4461045,paris|2026_09_13|lowest_temperature|c|lfpb,exact,12.0,12.0,12.0,0.140792,0.035,0.04,ask,0.05,0.00192,0.100792,0.098872,1,ecmwf,13.6775,1.409,station_model_lead_min,89,-0.3225,1.409,OK,2,0.998176,PASS,EXECUTABLE_ASK,PAPER_BUY,calibrated_thresholds_pass
2026-09-11T16:03:48.661381+00:00,London,EGLC,2026-09-11,highest_temperature,4399953,london|2026_09_11|highest_temperature|c|eglc,exact,22.0,22.0,22.0,0.223036,0.105,0.12,ask,0.05,0.00528,0.103036,0.097756,1,ecmwf,20.9472,1.2335,station_model_lead_max,89,-0.0528,1.2335,OK,1,0.999732,PASS,EXECUTABLE_ASK,PAPER_BUY,calibrated_thresholds_pass
2026-09-11T16:03:48.669912+00:00,Ankara,LTAC,2026-09-12,lowest_temperature,4430376,ankara|2026_09_12|lowest_temperature|c|ltac,exact,15.0,15.0,15.0,0.23273,0.065,0.13,ask,0.05,0.005655,0.10273,0.097075,1,ecmwf,15.9697,1.2724,station_model_lead_min,89,-0.8303,1.2724,OK,1,0.996797,PASS,EXECUTABLE_ASK,PAPER_BUY,calibrated_thresholds_pass
2026-09-11T16:03:48.680287+00:00,Karachi,OPKC,2026-09-12,highest_temperature,4431541,karachi|2026_09_12|highest_temperature|c|opkc,or_higher,36.0,36.0,,0.356198,0.24,0.25,ask,0.05,0.009375,0.106198,0.096823,1,ecmwf,35.1135,1.0485,station_model_lead_max,89,-0.8865,1.0485,OK,1,0.643802,INCOMPLETE,EXECUTABLE_ASK,PAPER_BUY,calibrated_thresholds_pass
2026-09-11T16:03:48.693609+00:00,Kuala Lumpur,WMKK,2026-09-13,highest_temperature,4461925,kuala_lumpur|2026_09_13|highest_temperature|c|wmkk,exact,35.0,35.0,35.0,0.114488,0.015,0.02,ask,0.05,0.00098,0.094488,0.093508,1,ecmwf,33.1875,1.2425,station_model_lead_max,88,1.7875,1.2425,OK,2,0.996159,PASS,EXECUTABLE_ASK,PAPER_BUY,calibrated_thresholds_pass
2026-09-11T16:03:48.677770+00:00,Madrid,LEMD,2026-09-12,highest_temperature,4431335,madrid|2026_09_12|highest_temperature|c|lemd,exact,31.0,31.0,31.0,0.414011,0.305,0.31,ask,0.05,0.010695,0.104011,0.093316,1,ecmwf,31.4832,0.75,station_model_lead_max,89,0.1832,0.75,OK,1,1.0,PASS,EXECUTABLE_ASK,PAPER_BUY,calibrated_thresholds_pass
2026-09-11T16:03:48.669441+00:00,Paris,LFPB,2026-09-12,lowest_temperature,4430357,paris|2026_09_12|lowest_temperature|c|lfpb,exact,14.0,14.0,14.0,0.19286,0.075,0.1,ask,0.05,0.0045,0.09286,0.08836,1,ecmwf,12.7449,1.2449,station_model_lead_min,89,-0.2551,1.2449,OK,1,0.999608,PASS,EXECUTABLE_ASK,PAPER_BUY,calibrated_thresholds_pass
2026-09-11T16:03:48.656892+00:00,Paris,LFPB,2026-09-11,lowest_temperature,4399129,paris|2026_09_11|lowest_temperature|c|lfpb,or_lower,10.0,,10.0,0.093193,0.0025,0.005,ask,0.05,0.00024875,0.088193,0.087945,1,ecmwf,12.1449,1.2449,station_model_lead_min,89,-0.2551,1.2449,OK,1,0.906807,PASS,EXECUTABLE_ASK,PAPER_BUY,calibrated_thresholds_pass
2026-09-11T16:03:48.691635+00:00,Milan,LIMC,2026-09-13,highest_temperature,4461761,milan|2026_09_13|highest_temperature|c|limc,exact,25.0,25.0,25.0,0.27344,0.175,0.18,ask,0.05,0.00738,0.09344,0.08606,1,ecmwf,25.4841,1.3614,station_model_lead_max,88,0.9841,1.3614,OK,2,0.986627,PASS,EXECUTABLE_ASK,PAPER_BUY,calibrated_thresholds_pass
2026-09-11T16:03:48.669188+00:00,London,EGLC,2026-09-12,lowest_temperature,4430345,london|2026_09_12|lowest_temperature|c|eglc,exact,13.0,13.0,13.0,0.477533,0.365,0.38,ask,0.05,0.01178,0.097533,0.085753,1,ecmwf,12.9292,0.7786,station_model_lead_min,89,0.2292,0.7786,OK,1,1.0,PASS,EXECUTABLE_ASK,PAPER_BUY,calibrated_thresholds_pass
2026-09-11T16:03:48.690339+00:00,Lucknow,VILK,2026-09-13,highest_temperature,4461681,lucknow|2026_09_13|highest_temperature|c|vilk,exact,31.0,31.0,31.0,0.14742,0.04,0.06,ask,0.05,0.00282,0.08742,0.0846,1,ecmwf,32.6315,1.4597,station_model_lead_max,89,0.9315,1.4597,OK,2,0.997249,PASS,EXECUTABLE_ASK,PAPER_BUY,calibrated_thresholds_pass
2026-09-11T16:03:48.676793+00:00,Tokyo,RJTT,2026-09-12,highest_temperature,4431277,tokyo|2026_09_12|highest_temperature|c|rjtt,exact,27.0,27.0,27.0,0.104015,0.015,0.02,ask,0.05,0.00098,0.084015,0.083035,1,ecmwf,24.5625,2.0362,station_model_lead_max,88,-0.7375,2.0362,OK,1,0.923981,PASS,EXECUTABLE_ASK,PAPER_BUY,calibrated_thresholds_pass
2026-09-11T16:03:48.688661+00:00,Karachi,OPKC,2026-09-13,lowest_temperature,4461379,karachi|2026_09_13|lowest_temperature|c|opkc,exact,26.0,26.0,26.0,0.494667,0.23,0.4,ask,0.05,0.012,0.094667,0.082667,1,ecmwf,25.9697,0.75,station_model_lead_min,89,1.1697,0.75,OK,2,1.0,PASS,EXECUTABLE_ASK,PAPER_BUY,calibrated_thresholds_pass
2026-09-11T16:03:48.678352+00:00,Beijing,ZBAA,2026-09-12,highest_temperature,4431378,beijing|2026_09_12|highest_temperature|c|zbaa,exact,27.0,27.0,27.0,0.12451,0.03,0.04,ask,0.05,0.00192,0.08451,0.08259,1,ecmwf,28.9236,1.6699,station_model_lead_max,89,0.4236,1.6699,OK,1,0.992896,PASS,EXECUTABLE_ASK,PAPER_BUY,calibrated_thresholds_pass
2026-09-11T16:03:48.678991+00:00,Amsterdam,EHAM,2026-09-12,highest_temperature,4431458,amsterdam|2026_09_12|highest_temperature|c|eham,exact,19.0,19.0,19.0,0.090138,0.006,0.009,ask,0.05,0.00044595,0.081138,0.080692,1,ecmwf,20.9393,1.1637,station_model_lead_max,89,0.6393,1.1637,OK,1,0.998891,PASS,EXECUTABLE_ASK,PAPER_BUY,calibrated_thresholds_pass
2026-09-11T16:03:48.678014+00:00,Warsaw,EPWA,2026-09-12,highest_temperature,4431345,warsaw|2026_09_12|highest_temperature|c|epwa,exact,18.0,18.0,18.0,0.29845,0.2,0.21,ask,0.05,0.008295,0.08845,0.080155,1,ecmwf,18.4921,1.2101,station_model_lead_max,89,0.2921,1.2101,OK,1,0.993293,PASS,EXECUTABLE_ASK,PAPER_BUY,calibrated_thresholds_pass
2026-09-11T16:03:48.669931+00:00,Ankara,LTAC,2026-09-12,lowest_temperature,4430378,ankara|2026_09_12|lowest_temperature|c|ltac,exact,17.0,17.0,17.0,0.22459,0.085,0.14,ask,0.05,0.00602,0.08459,0.07857,1,ecmwf,15.9697,1.2724,station_model_lead_min,89,-0.8303,1.2724,OK,1,0.996797,PASS,EXECUTABLE_ASK,PAPER_BUY,calibrated_thresholds_pass
2026-09-11T16:03:48.689578+00:00,Seoul (Incheon),RKSI,2026-09-13,highest_temperature,4461649,seoul_incheon|2026_09_13|highest_temperature|c|rksi,exact,23.0,23.0,23.0,0.141374,0.05,0.06,ask,0.05,0.00282,0.081374,0.078554,1,ecmwf,24.7011,1.5012,station_model_lead_max,88,1.1011,1.5012,OK,2,0.994039,PASS,EXECUTABLE_ASK,PAPER_BUY,calibrated_thresholds_pass
2026-09-11T16:03:48.677760+00:00,Madrid,LEMD,2026-09-12,highest_temperature,4431334,madrid|2026_09_12|highest_temperature|c|lemd,exact,30.0,30.0,30.0,0.090857,0.007,0.013,ask,0.05,0.00064155,0.077857,0.077216,1,ecmwf,31.4832,0.75,station_model_lead_max,89,0.1832,0.75,OK,1,1.0,PASS,EXECUTABLE_ASK,PAPER_BUY,calibrated_thresholds_pass
2026-09-11T16:03:48.661390+00:00,London,EGLC,2026-09-11,highest_temperature,4399954,london|2026_09_11|highest_temperature|c|eglc,exact,23.0,23.0,23.0,0.08482,0.0055,0.009,ask,0.05,0.00044595,0.07582,0.075374,1,ecmwf,20.9472,1.2335,station_model_lead_max,89,-0.0528,1.2335,OK,1,0.999732,PASS,EXECUTABLE_ASK,PAPER_BUY,calibrated_thresholds_pass
2026-09-11T16:03:48.657721+00:00,Munich,EDDM,2026-09-11,lowest_temperature,4399187,munich|2026_09_11|lowest_temperature|c|eddm,exact,8.0,8.0,8.0,0.184114,0.0555,0.109,ask,0.05,0.00485595,0.075114,0.070258,1,ecmwf,8.8944,2.0697,station_model_lead_min,89,-2.5056,2.0697,OK,1,0.946125,PASS,EXECUTABLE_ASK,PAPER_BUY,calibrated_thresholds_pass
2026-09-11T16:03:48.674955+00:00,London,EGLC,2026-09-12,highest_temperature,4431185,london|2026_09_12|highest_temperature|c|eglc,exact,22.0,22.0,22.0,0.194834,0.115,0.12,ask,0.05,0.00528,0.074834,0.069554,1,ecmwf,23.2472,1.2335,station_model_lead_max,89,-0.0528,1.2335,OK,1,0.995816,PASS,EXECUTABLE_ASK,PAPER_BUY,calibrated_thresholds_pass
2026-09-11T16:03:48.657700+00:00,Munich,EDDM,2026-09-11,lowest_temperature,4399185,munich|2026_09_11|lowest_temperature|c|eddm,exact,6.0,6.0,6.0,0.077328,0.004,0.008,ask,0.05,0.0003968,0.069328,0.068931,1,ecmwf,8.8944,2.0697,station_model_lead_min,89,-2.5056,2.0697,OK,1,0.946125,PASS,EXECUTABLE_ASK,PAPER_BUY,calibrated_thresholds_pass
2026-09-11T16:03:48.691130+00:00,Shanghai,ZSPD,2026-09-13,highest_temperature,4461739,shanghai|2026_09_13|highest_temperature|c|zspd,exact,32.0,32.0,32.0,0.142749,0.0655,0.071,ask,0.05,0.00329795,0.071749,0.068451,1,ecmwf,30.3875,1.2732,station_model_lead_max,88,1.1875,1.2732,OK,2,0.998838,PASS,EXECUTABLE_ASK,PAPER_BUY,calibrated_thresholds_pass
2026-09-11T16:03:48.679907+00:00,Guangzhou,ZGGG,2026-09-12,highest_temperature,4431513,guangzhou|2026_09_12|highest_temperature|c|zggg,exact,31.0,31.0,31.0,0.099438,0.02,0.03,ask,0.05,0.001455,0.069438,0.067983,1,ecmwf,33.1528,1.5214,station_model_lead_max,89,1.3528,1.5214,OK,1,0.985999,PASS,EXECUTABLE_ASK,PAPER_BUY,calibrated_thresholds_pass
2026-09-11T16:03:48.679946+00:00,Guangzhou,ZGGG,2026-09-12,highest_temperature,4431517,guangzhou|2026_09_12|highest_temperature|c|zggg,exact,35.0,35.0,35.0,0.128299,0.045,0.06,ask,0.05,0.00282,0.068299,0.065479,1,ecmwf,33.1528,1.5214,station_model_lead_max,89,1.3528,1.5214,OK,1,0.985999,PASS,EXECUTABLE_ASK,PAPER_BUY,calibrated_thresholds_pass
2026-09-11T16:03:48.657449+00:00,Lucknow,VILK,2026-09-11,lowest_temperature,4399176,lucknow|2026_09_11|lowest_temperature|c|vilk,exact,25.0,25.0,25.0,0.095704,0.015,0.03,ask,0.05,0.001455,0.065704,0.064249,1,ecmwf,26.8742,1.1426,station_model_lead_min,89,0.7742,1.1426,OK,1,0.99991,PASS,EXECUTABLE_ASK,PAPER_BUY,calibrated_thresholds_pass
2026-09-11T16:03:48.676802+00:00,Tokyo,RJTT,2026-09-12,highest_temperature,4431278,tokyo|2026_09_12|highest_temperature|c|rjtt,or_higher,28.0,28.0,,0.074565,0.006,0.01,ask,0.05,0.000495,0.064565,0.06407,1,ecmwf,24.5625,2.0362,station_model_lead_max,88,-0.7375,2.0362,OK,1,0.923981,PASS,EXECUTABLE_ASK,PAPER_BUY,calibrated_thresholds_pass
2026-09-11T16:03:48.691347+00:00,Singapore,WSSS,2026-09-13,highest_temperature,4461747,singapore|2026_09_13|highest_temperature|c|wsss,exact,31.0,31.0,31.0,0.157059,0.065,0.09,ask,0.05,0.004095,0.067059,0.062964,1,ecmwf,32.4591,1.1369,station_model_lead_max,88,1.6591,1.1369,OK,2,0.999747,PASS,EXECUTABLE_ASK,PAPER_BUY,calibrated_thresholds_pass
2026-09-11T16:03:48.691883+00:00,Madrid,LEMD,2026-09-13,highest_temperature,4461771,madrid|2026_09_13|highest_temperature|c|lemd,exact,31.0,31.0,31.0,0.18984,0.1075,0.122,ask,0.05,0.0053558,0.06784,0.062484,1,ecmwf,32.1562,0.8184,station_model_lead_max,89,0.0562,0.8184,OK,2,0.999978,PASS,EXECUTABLE_ASK,PAPER_BUY,calibrated_thresholds_pass
2026-09-11T16:03:48.679917+00:00,Guangzhou,ZGGG,2026-09-12,highest_temperature,4431514,guangzhou|2026_09_12|highest_temperature|c|zggg,exact,32.0,32.0,32.0,0.198048,0.115,0.13,ask,0.05,0.005655,0.068048,0.062393,1,ecmwf,33.1528,1.5214,station_model_lead_max,89,1.3528,1.5214,OK,1,0.985999,PASS,EXECUTABLE_ASK,PAPER_BUY,calibrated_thresholds_pass
2026-09-11T16:03:48.689125+00:00,London,EGLC,2026-09-13,highest_temperature,4461633,london|2026_09_13|highest_temperature|c|eglc,or_higher,26.0,26.0,,0.110017,0.041,0.047,ask,0.05,0.00223955,0.063017,0.060778,1,ecmwf,23.5056,1.6262,station_model_lead_max,89,-0.0944,1.6262,OK,2,0.889974,INCOMPLETE,EXECUTABLE_ASK,PAPER_BUY,calibrated_thresholds_pass
2026-09-11T16:03:48.676454+00:00,Munich,EDDM,2026-09-12,highest_temperature,4431248,munich|2026_09_12|highest_temperature|c|eddm,exact,21.0,21.0,21.0,0.101917,0.03,0.04,ask,0.05,0.00192,0.061917,0.059997,1,ecmwf,23.0079,1.3628,station_model_lead_max,89,1.8079,1.3628,OK,1,0.994945,PASS,EXECUTABLE_ASK,PAPER_BUY,calibrated_thresholds_pass
2026-09-11T16:03:48.691376+00:00,Singapore,WSSS,2026-09-13,highest_temperature,4461750,singapore|2026_09_13|highest_temperature|c|wsss,exact,34.0,34.0,34.0,0.143669,0.055,0.08,ask,0.05,0.00368,0.063669,0.059989,1,ecmwf,32.4591,1.1369,station_model_lead_max,88,1.6591,1.1369,OK,2,0.999747,PASS,EXECUTABLE_ASK,PAPER_BUY,calibrated_thresholds_pass
2026-09-11T16:03:48.678392+00:00,Beijing,ZBAA,2026-09-12,highest_temperature,4431382,beijing|2026_09_12|highest_temperature|c|zbaa,exact,31.0,31.0,31.0,0.111945,0.04,0.05,ask,0.05,0.002375,0.061945,0.05957,1,ecmwf,28.9236,1.6699,station_model_lead_max,89,0.4236,1.6699,OK,1,0.992896,PASS,EXECUTABLE_ASK,PAPER_BUY,calibrated_thresholds_pass
2026-09-11T16:03:48.683849+00:00,Seoul (Incheon),RKSI,2026-09-13,lowest_temperature,4461056,seoul_incheon|2026_09_13|lowest_temperature|c|rksi,exact,19.0,19.0,19.0,0.316872,0.225,0.25,ask,0.05,0.009375,0.066872,0.057497,1,ecmwf,19.5943,1.0458,station_model_lead_min,88,0.4943,1.0458,OK,2,0.998456,PASS,EXECUTABLE_ASK,PAPER_BUY,calibrated_thresholds_pass
2026-09-11T16:03:48.677238+00:00,Singapore,WSSS,2026-09-12,highest_temperature,4431304,singapore|2026_09_12|highest_temperature|c|wsss,exact,31.0,31.0,31.0,0.23165,0.155,0.17,ask,0.05,0.007055,0.06165,0.054595,1,ecmwf,32.0455,1.001,station_model_lead_max,88,1.5454,1.001,OK,1,0.999801,PASS,EXECUTABLE_ASK,PAPER_BUY,calibrated_thresholds_pass
2026-09-11T16:03:48.663744+00:00,Madrid,LEMD,2026-09-11,highest_temperature,4400103,madrid|2026_09_11|highest_temperature|c|lemd,exact,30.0,30.0,30.0,0.465564,0.0005,0.001,ask,0.05,4.995e-05,0.464564,0.464514,1,ecmwf,30.2832,0.75,station_model_lead_max,89,0.1832,0.75,OK,1,1.0,PASS,THIN_ASK,POSSIBLE_EDGE,thin_ask
2026-09-11T16:03:48.663133+00:00,Singapore,WSSS,2026-09-11,highest_temperature,4400072,singapore|2026_09_11|highest_temperature|c|wsss,exact,30.0,30.0,30.0,0.372169,0.0005,0.001,ask,0.05,4.995e-05,0.371169,0.371119,1,ecmwf,30.2454,1.001,station_model_lead_max,88,1.5454,1.001,OK,1,0.999909,PASS,THIN_ASK,POSSIBLE_EDGE,thin_ask
2026-09-11T16:03:48.665319+00:00,Kuala Lumpur,WMKK,2026-09-11,highest_temperature,4400249,kuala_lumpur|2026_09_11|highest_temperature|c|wmkk,exact,32.0,32.0,32.0,0.370892,0.0005,0.001,ask,0.05,4.995e-05,0.369892,0.369842,1,ecmwf,31.8011,1.087,station_model_lead_max,88,1.7011,1.087,OK,1,0.940966,PASS,THIN_ASK,POSSIBLE_EDGE,thin_ask
2026-09-11T16:03:48.656648+00:00,London,EGLC,2026-09-11,lowest_temperature,4399125,london|2026_09_11|lowest_temperature|c|eglc,exact,17.0,17.0,17.0,0.34687,0.0005,0.001,ask,0.05,4.995e-05,0.34587,0.34582,1,ecmwf,16.3292,0.7786,station_model_lead_min,89,0.2292,0.7786,OK,1,0.999977,PASS,THIN_ASK,POSSIBLE_EDGE,thin_ask
2026-09-11T16:03:48.661625+00:00,Paris,LFPB,2026-09-11,highest_temperature,4399963,paris|2026_09_11|highest_temperature|c|lfpb,exact,24.0,24.0,24.0,0.344736,0.0005,0.001,ask,0.05,4.995e-05,0.343736,0.343686,1,ecmwf,24.3225,1.0704,station_model_lead_max,89,1.0225,1.0704,OK,1,0.999949,PASS,THIN_ASK,POSSIBLE_EDGE,thin_ask
2026-09-11T16:03:48.657470+00:00,Lucknow,VILK,2026-09-11,lowest_temperature,4399178,lucknow|2026_09_11|lowest_temperature|c|vilk,exact,27.0,27.0,27.0,0.336429,0.0005,0.001,ask,0.05,4.995e-05,0.335429,0.335379,1,ecmwf,26.8742,1.1426,station_model_lead_min,89,0.7742,1.1426,OK,1,0.99991,PASS,THIN_ASK,POSSIBLE_EDGE,thin_ask
2026-09-11T16:03:48.663966+00:00,Warsaw,EPWA,2026-09-11,highest_temperature,4400111,warsaw|2026_09_11|highest_temperature|c|epwa,exact,16.0,16.0,16.0,0.335051,0.0005,0.001,ask,0.05,4.995e-05,0.334051,0.334001,1,ecmwf,16.2921,1.2101,station_model_lead_max,89,0.2921,1.2101,OK,1,0.930692,PASS,THIN_ASK,POSSIBLE_EDGE,thin_ask
2026-09-11T16:03:48.658217+00:00,Singapore,WSSS,2026-09-11,lowest_temperature,4399244,singapore|2026_09_11|lowest_temperature|c|wsss,exact,26.0,26.0,26.0,0.328018,0.0005,0.001,ask,0.05,4.995e-05,0.327018,0.326968,1,ecmwf,25.9307,1.179,station_model_lead_min,88,1.2307,1.179,OK,1,0.999861,PASS,THIN_ASK,POSSIBLE_EDGE,thin_ask
2026-09-11T16:03:48.666053+00:00,Karachi,OPKC,2026-09-11,highest_temperature,4400303,karachi|2026_09_11|highest_temperature|c|opkc,exact,34.0,34.0,34.0,0.317592,0.0005,0.001,ask,0.05,4.995e-05,0.316592,0.316542,1,ecmwf,33.4135,1.0485,station_model_lead_max,89,-0.8865,1.0485,OK,1,0.998379,PASS,THIN_ASK,POSSIBLE_EDGE,thin_ask
2026-09-11T16:03:48.660307+00:00,Kuala Lumpur,WMKK,2026-09-11,lowest_temperature,4399409,kuala_lumpur|2026_09_11|lowest_temperature|c|wmkk,exact,26.0,26.0,26.0,0.310662,0.0005,0.001,ask,0.05,4.995e-05,0.309662,0.309612,1,ecmwf,26.4329,1.1684,station_model_lead_min,88,1.933,1.1684,OK,1,0.999738,PASS,THIN_ASK,POSSIBLE_EDGE,thin_ask
2026-09-11T16:03:48.658723+00:00,Madrid,LEMD,2026-09-11,lowest_temperature,4399263,madrid|2026_09_11|lowest_temperature|c|lemd,exact,13.0,13.0,13.0,0.308192,0.0005,0.001,ask,0.05,4.995e-05,0.307192,0.307142,1,ecmwf,11.1011,1.5693,station_model_lead_min,89,-1.3989,1.5693,OK,1,0.399678,INCOMPLETE,THIN_ASK,POSSIBLE_EDGE,thin_ask; family=INCOMPLETE
2026-09-11T16:03:48.657219+00:00,Ankara,LTAC,2026-09-11,lowest_temperature,4399158,ankara|2026_09_11|lowest_temperature|c|ltac,exact,16.0,16.0,16.0,0.305811,0.0005,0.001,ask,0.05,4.995e-05,0.304811,0.304761,1,ecmwf,15.7697,1.2724,station_model_lead_min,89,-0.8303,1.2724,OK,1,0.984057,PASS,THIN_ASK,POSSIBLE_EDGE,thin_ask
2026-09-11T16:03:48.662386+00:00,Munich,EDDM,2026-09-11,highest_temperature,4400021,munich|2026_09_11|highest_temperature|c|eddm,exact,19.0,19.0,19.0,0.300568,0.0005,0.001,ask,0.05,4.995e-05,0.299568,0.299518,1,ecmwf,20.8079,1.3628,station_model_lead_max,89,1.8079,1.3628,OK,1,0.410638,INCOMPLETE,THIN_ASK,POSSIBLE_EDGE,thin_ask; family=INCOMPLETE
2026-09-11T16:03:48.660316+00:00,Kuala Lumpur,WMKK,2026-09-11,lowest_temperature,4399410,kuala_lumpur|2026_09_11|lowest_temperature|c|wmkk,exact,27.0,27.0,27.0,0.296637,0.0005,0.001,ask,0.05,4.995e-05,0.295637,0.295587,1,ecmwf,26.4329,1.1684,station_model_lead_min,88,1.933,1.1684,OK,1,0.999738,PASS,THIN_ASK,POSSIBLE_EDGE,thin_ask
2026-09-11T16:03:48.662864+00:00,Shanghai,ZSPD,2026-09-11,highest_temperature,4400060,shanghai|2026_09_11|highest_temperature|c|zspd,exact,28.0,28.0,28.0,0.294859,0.0005,0.001,ask,0.05,4.995e-05,0.293859,0.293809,1,ecmwf,27.3545,1.2447,station_model_lead_max,88,1.0546,1.2447,OK,1,0.931889,PASS,THIN_ASK,POSSIBLE_EDGE,thin_ask
2026-09-11T16:03:48.663143+00:00,Singapore,WSSS,2026-09-11,highest_temperature,4400073,singapore|2026_09_11|highest_temperature|c|wsss,exact,31.0,31.0,31.0,0.294609,0.0005,0.001,ask,0.05,4.995e-05,0.293609,0.293559,1,ecmwf,30.2454,1.001,station_model_lead_max,88,1.5454,1.001,OK,1,0.999909,PASS,THIN_ASK,POSSIBLE_EDGE,thin_ask
2026-09-11T16:03:48.665310+00:00,Kuala Lumpur,WMKK,2026-09-11,highest_temperature,4400248,kuala_lumpur|2026_09_11|highest_temperature|c|wmkk,exact,31.0,31.0,31.0,0.292493,0.0005,0.001,ask,0.05,4.995e-05,0.291493,0.291443,1,ecmwf,31.8011,1.087,station_model_lead_max,88,1.7011,1.087,OK,1,0.940966,PASS,THIN_ASK,POSSIBLE_EDGE,thin_ask
