run_at,city,station,market_date,market_type,unit,market_id,event_key,bucket_type,bucket_value,bucket_low,bucket_high,group_title,model_probability,market_probability,entry_price,fee_rate,fee_per_share,gross_edge,net_ev_per_share,net_return_if_win,forecast_count,forecast_mean_c,forecast_min_c,forecast_max_c,forecast_std_c,observation_temperature_c,observation_time,signal,reason
2026-09-10T21:49:08.059406+00:00,Los Angeles,KLAX,2026-09-10,highest_temperature,F,4362179,los_angeles|2026_09_10|highest_temperature|f|klax,or_higher,94.0,94.0,,94°F or higher,0.816071,0.007,0.01,0.05,0.000495,0.806071,0.805576,98.9505,3,35.2,34.5,36.6,1.2124,31.1,2026-09-10T21:00:00.000Z,PAPER_BUY,model_probability=0.8161; entry=0.0100; gross_edge=0.8061; fee=0.00049; net_ev=0.8056; entry_source=ask; fee_source=market
2026-09-10T21:49:08.058481+00:00,Austin,KAUS,2026-09-10,highest_temperature,F,4359159,austin|2026_09_10|highest_temperature|f|kaus,range,,96.0,97.0,96-97°F,0.482464,0.0005,0.001,0.05,4.995e-05,0.481464,0.481414,998.95005,3,35.9,35.5,36.7,0.6928,37.2,2026-09-10T21:00:00.000Z,PAPER_BUY,model_probability=0.4825; entry=0.0010; gross_edge=0.4815; fee=0.00005; net_ev=0.4814; entry_source=ask; fee_source=market
2026-09-10T21:49:08.071835+00:00,Los Angeles,KLAX,2026-09-11,highest_temperature,F,4404589,los_angeles|2026_09_11|highest_temperature|f|klax,or_higher,90.0,90.0,,90°F or higher,0.516686,0.022,0.037,0.05,0.00178155,0.479686,0.477904,25.978877,3,31.8333,30.5,34.5,2.3094,31.1,2026-09-10T21:00:00.000Z,PAPER_BUY,model_probability=0.5167; entry=0.0370; gross_edge=0.4797; fee=0.00178; net_ev=0.4779; entry_source=ask; fee_source=market
2026-09-10T21:49:08.057465+00:00,Miami,KMIA,2026-09-10,lowest_temperature,F,4358888,miami|2026_09_10|lowest_temperature|f|kmia,range,,78.0,79.0,78-79°F,0.463931,0.0005,0.001,0.05,4.995e-05,0.462931,0.462881,998.95005,3,25.4667,25.2,26.0,0.4619,29.4,2026-09-10T21:00:00.000Z,PAPER_BUY,model_probability=0.4639; entry=0.0010; gross_edge=0.4629; fee=0.00005; net_ev=0.4629; entry_source=ask; fee_source=market
2026-09-10T21:49:08.058640+00:00,Houston,KHOU,2026-09-10,highest_temperature,F,4359172,houston|2026_09_10|highest_temperature|f|khou,range,,90.0,91.0,90-91°F,0.479085,0.015,0.02,0.05,0.00098,0.459085,0.458105,48.951,3,32.3333,31.4,32.8,0.8083,30.6,2026-09-10T21:00:00.000Z,PAPER_BUY,model_probability=0.4791; entry=0.0200; gross_edge=0.4591; fee=0.00098; net_ev=0.4581; entry_source=ask; fee_source=market
2026-09-10T21:49:08.057764+00:00,Austin,KAUS,2026-09-10,lowest_temperature,F,4358911,austin|2026_09_10|lowest_temperature|f|kaus,range,,76.0,77.0,76-77°F,0.455193,0.0005,0.001,0.05,4.995e-05,0.454193,0.454143,998.95005,3,25.1667,24.7,25.4,0.4041,37.2,2026-09-10T21:00:00.000Z,PAPER_BUY,model_probability=0.4552; entry=0.0010; gross_edge=0.4542; fee=0.00005; net_ev=0.4541; entry_source=ask; fee_source=market
2026-09-10T21:49:08.056508+00:00,New York City,KLGA,2026-09-10,highest_temperature,F,4358653,new_york_city|2026_09_10|highest_temperature|f|klga,range,,88.0,89.0,88-89°F,0.476667,0.02,0.03,0.05,0.001455,0.446667,0.445212,32.284833,3,31.6,31.4,31.7,0.1732,30.0,2026-09-10T21:00:00.000Z,PAPER_BUY,model_probability=0.4767; entry=0.0300; gross_edge=0.4467; fee=0.00145; net_ev=0.4452; entry_source=ask; fee_source=market
2026-09-10T21:49:08.056620+00:00,Dallas,KDAL,2026-09-10,highest_temperature,F,4358661,dallas|2026_09_10|highest_temperature|f|kdal,range,,96.0,97.0,96-97°F,0.443421,0.0005,0.001,0.05,4.995e-05,0.442421,0.442371,998.95005,3,36.3667,36.3,36.5,0.1155,36.7,2026-09-10T21:00:00.000Z,PAPER_BUY,model_probability=0.4434; entry=0.0010; gross_edge=0.4424; fee=0.00005; net_ev=0.4424; entry_source=ask; fee_source=market
2026-09-10T21:49:08.057777+00:00,Austin,KAUS,2026-09-10,lowest_temperature,F,4358912,austin|2026_09_10|lowest_temperature|f|kaus,range,,78.0,79.0,78-79°F,0.422534,0.0005,0.001,0.05,4.995e-05,0.421534,0.421484,998.95005,3,25.1667,24.7,25.4,0.4041,37.2,2026-09-10T21:00:00.000Z,PAPER_BUY,model_probability=0.4225; entry=0.0010; gross_edge=0.4215; fee=0.00005; net_ev=0.4215; entry_source=ask; fee_source=market
2026-09-10T21:49:08.057023+00:00,New York City,KLGA,2026-09-10,lowest_temperature,F,4358854,new_york_city|2026_09_10|lowest_temperature|f|klga,range,,70.0,71.0,70-71°F,0.436868,0.01,0.02,0.05,0.00098,0.416868,0.415888,48.951,3,21.9667,21.5,22.2,0.4041,30.0,2026-09-10T21:00:00.000Z,PAPER_BUY,model_probability=0.4369; entry=0.0200; gross_edge=0.4169; fee=0.00098; net_ev=0.4159; entry_source=ask; fee_source=market
2026-09-10T21:49:08.056762+00:00,Atlanta,KATL,2026-09-10,highest_temperature,F,4358672,atlanta|2026_09_10|highest_temperature|f|katl,range,,88.0,89.0,88-89°F,0.408774,0.0005,0.001,0.05,4.995e-05,0.407774,0.407724,998.95005,3,32.1333,31.8,32.3,0.2887,32.2,2026-09-10T21:00:00.000Z,PAPER_BUY,model_probability=0.4088; entry=0.0010; gross_edge=0.4078; fee=0.00005; net_ev=0.4077; entry_source=ask; fee_source=market
2026-09-10T21:49:08.057454+00:00,Miami,KMIA,2026-09-10,lowest_temperature,F,4358887,miami|2026_09_10|lowest_temperature|f|kmia,range,,76.0,77.0,76-77°F,0.408774,0.0005,0.001,0.05,4.995e-05,0.407774,0.407724,998.95005,3,25.4667,25.2,26.0,0.4619,29.4,2026-09-10T21:00:00.000Z,PAPER_BUY,model_probability=0.4088; entry=0.0010; gross_edge=0.4078; fee=0.00005; net_ev=0.4077; entry_source=ask; fee_source=market
2026-09-10T21:49:08.069217+00:00,New York City,KLGA,2026-09-11,lowest_temperature,F,4401740,new_york_city|2026_09_11|lowest_temperature|f|klga,range,,66.0,67.0,66-67°F,0.438546,0.04,0.05,0.05,0.002375,0.388546,0.386171,18.9525,3,19.7333,19.3,20.6,0.7506,30.0,2026-09-10T21:00:00.000Z,PAPER_BUY,model_probability=0.4385; entry=0.0500; gross_edge=0.3885; fee=0.00238; net_ev=0.3862; entry_source=ask; fee_source=market
2026-09-10T21:49:08.082234+00:00,New York City,KLGA,2026-09-12,lowest_temperature,F,4433892,new_york_city|2026_09_12|lowest_temperature|f|klga,range,,60.0,61.0,60-61°F,0.42146,0.02,0.04,0.05,0.00192,0.38146,0.37954,23.952,3,16.2667,15.6,17.6,1.1547,30.0,2026-09-10T21:00:00.000Z,PAPER_BUY,model_probability=0.4215; entry=0.0400; gross_edge=0.3815; fee=0.00192; net_ev=0.3795; entry_source=ask; fee_source=market
2026-09-10T21:49:08.056519+00:00,New York City,KLGA,2026-09-10,highest_temperature,F,4358654,new_york_city|2026_09_10|highest_temperature|f|klga,range,,90.0,91.0,90-91°F,0.378403,0.0005,0.001,0.05,4.995e-05,0.377403,0.377353,998.95005,3,31.6,31.4,31.7,0.1732,30.0,2026-09-10T21:00:00.000Z,PAPER_BUY,model_probability=0.3784; entry=0.0010; gross_edge=0.3774; fee=0.00005; net_ev=0.3774; entry_source=ask; fee_source=market
2026-09-10T21:49:08.070922+00:00,Austin,KAUS,2026-09-11,highest_temperature,F,4402236,austin|2026_09_11|highest_temperature|f|kaus,range,,96.0,97.0,96-97°F,0.44805,0.065,0.07,0.05,0.003255,0.37805,0.374795,13.239214,3,36.3333,36.2,36.4,0.1155,37.2,2026-09-10T21:00:00.000Z,PAPER_BUY,model_probability=0.4480; entry=0.0700; gross_edge=0.3780; fee=0.00326; net_ev=0.3748; entry_source=ask; fee_source=market
2026-09-10T21:49:08.068906+00:00,Miami,KMIA,2026-09-11,highest_temperature,F,4401451,miami|2026_09_11|highest_temperature|f|kmia,range,,84.0,85.0,84-85°F,0.391835,0.015,0.02,0.05,0.00098,0.371835,0.370855,48.951,3,30.0,29.8,30.4,0.3464,29.4,2026-09-10T21:00:00.000Z,PAPER_BUY,model_probability=0.3918; entry=0.0200; gross_edge=0.3718; fee=0.00098; net_ev=0.3709; entry_source=ask; fee_source=market
2026-09-10T21:49:08.069645+00:00,Miami,KMIA,2026-09-11,lowest_temperature,F,4401773,miami|2026_09_11|lowest_temperature|f|kmia,range,,76.0,77.0,76-77°F,0.476667,0.105,0.12,0.05,0.00528,0.356667,0.351387,7.289333,3,24.9333,24.4,26.0,0.9238,29.4,2026-09-10T21:00:00.000Z,PAPER_BUY,model_probability=0.4767; entry=0.1200; gross_edge=0.3567; fee=0.00528; net_ev=0.3514; entry_source=ask; fee_source=market
2026-09-10T21:49:08.059209+00:00,Seattle,KSEA,2026-09-10,highest_temperature,F,4362160,seattle|2026_09_10|highest_temperature|f|ksea,range,,68.0,69.0,68-69°F,0.412813,0.035,0.06,0.05,0.00282,0.352813,0.349993,15.619667,3,21.0,20.6,21.2,0.3464,20.0,2026-09-10T21:00:00.000Z,PAPER_BUY,model_probability=0.4128; entry=0.0600; gross_edge=0.3528; fee=0.00282; net_ev=0.3500; entry_source=ask; fee_source=market
2026-09-10T21:49:08.068917+00:00,Miami,KMIA,2026-09-11,highest_temperature,F,4401452,miami|2026_09_11|highest_temperature|f|kmia,range,,86.0,87.0,86-87°F,0.472009,0.135,0.14,0.05,0.00602,0.332009,0.325989,6.099857,3,30.0,29.8,30.4,0.3464,29.4,2026-09-10T21:00:00.000Z,PAPER_BUY,model_probability=0.4720; entry=0.1400; gross_edge=0.3320; fee=0.00602; net_ev=0.3260; entry_source=ask; fee_source=market
2026-09-10T21:49:08.059748+00:00,Buenos Aires,SAEZ,2026-09-10,lowest_temperature,C,4363376,buenos_aires|2026_09_10|lowest_temperature|c|saez,exact,9.0,9.0,9.0,9°C,0.323078,0.0005,0.001,0.05,4.995e-05,0.322078,0.322028,998.95005,3,9.0,8.6,9.2,0.3464,19.0,2026-09-10T21:00:00.000Z,PAPER_BUY,model_probability=0.3231; entry=0.0010; gross_edge=0.3221; fee=0.00005; net_ev=0.3220; entry_source=ask; fee_source=market
2026-09-10T21:49:08.055384+00:00,London,EGLC,2026-09-10,highest_temperature,C,4356224,london|2026_09_10|highest_temperature|c|eglc,exact,20.0,20.0,20.0,20°C,0.322021,0.0005,0.001,0.05,4.995e-05,0.321021,0.320971,998.95005,3,20.1,19.0,20.9,0.9849,18.0,2026-09-10T21:20:00.000Z,PAPER_BUY,model_probability=0.3220; entry=0.0010; gross_edge=0.3210; fee=0.00005; net_ev=0.3210; entry_source=ask; fee_source=market
2026-09-10T21:49:08.060864+00:00,Panama City,MPMG,2026-09-10,highest_temperature,C,4363793,panama_city|2026_09_10|highest_temperature|c|mpmg,exact,30.0,30.0,30.0,30°C,0.322021,0.0005,0.001,0.05,4.995e-05,0.321021,0.320971,998.95005,3,29.9,29.5,30.3,0.4,29.0,2026-09-10T21:00:00.000Z,PAPER_BUY,model_probability=0.3220; entry=0.0010; gross_edge=0.3210; fee=0.00005; net_ev=0.3210; entry_source=ask; fee_source=market
2026-09-10T21:49:08.055905+00:00,Madrid,LEMD,2026-09-10,highest_temperature,C,4356372,madrid|2026_09_10|highest_temperature|c|lemd,exact,27.0,27.0,27.0,27°C,0.321202,0.0005,0.001,0.05,4.995e-05,0.320202,0.320152,998.95005,3,26.8667,26.4,27.7,0.7234,20.0,2026-09-10T21:30:00.000Z,PAPER_BUY,model_probability=0.3212; entry=0.0010; gross_edge=0.3202; fee=0.00005; net_ev=0.3202; entry_source=ask; fee_source=market
2026-09-10T21:49:08.062706+00:00,Chongqing,ZUCK,2026-09-11,lowest_temperature,C,4399298,chongqing|2026_09_11|lowest_temperature|c|zuck,exact,20.0,20.0,20.0,20°C,0.320151,0.0005,0.001,0.05,4.995e-05,0.319151,0.319101,998.95005,3,19.8333,19.6,20.2,0.3215,20.0,2026-09-10T21:00:00.000Z,PAPER_BUY,model_probability=0.3202; entry=0.0010; gross_edge=0.3192; fee=0.00005; net_ev=0.3191; entry_source=ask; fee_source=market
2026-09-10T21:49:08.064286+00:00,Qingdao,ZSQD,2026-09-11,lowest_temperature,C,4399451,qingdao|2026_09_11|lowest_temperature|c|zsqd,exact,15.0,15.0,15.0,15°C,0.318872,0.0005,0.001,0.05,4.995e-05,0.317872,0.317822,998.95005,3,14.8,13.8,15.8,1.0,14.0,2026-09-10T21:00:00.000Z,PAPER_BUY,model_probability=0.3189; entry=0.0010; gross_edge=0.3179; fee=0.00005; net_ev=0.3178; entry_source=ask; fee_source=market
2026-09-10T21:49:08.058470+00:00,Austin,KAUS,2026-09-10,highest_temperature,F,4359158,austin|2026_09_10|highest_temperature|f|kaus,range,,94.0,95.0,94-95°F,0.317851,0.0005,0.001,0.05,4.995e-05,0.316851,0.316801,998.95005,3,35.9,35.5,36.7,0.6928,37.2,2026-09-10T21:00:00.000Z,PAPER_BUY,model_probability=0.3179; entry=0.0010; gross_edge=0.3169; fee=0.00005; net_ev=0.3168; entry_source=ask; fee_source=market
2026-09-10T21:49:08.054965+00:00,Warsaw,EPWA,2026-09-10,lowest_temperature,C,4355725,warsaw|2026_09_10|lowest_temperature|c|epwa,exact,13.0,13.0,13.0,13°C,0.317367,0.0005,0.001,0.05,4.995e-05,0.316367,0.316317,998.95005,3,13.2333,12.1,13.9,0.9866,11.0,2026-09-10T21:30:00.000Z,PAPER_BUY,model_probability=0.3174; entry=0.0010; gross_edge=0.3164; fee=0.00005; net_ev=0.3163; entry_source=ask; fee_source=market
2026-09-10T21:49:08.061528+00:00,Wellington,NZWN,2026-09-11,lowest_temperature,C,4399167,wellington|2026_09_11|lowest_temperature|c|nzwn,exact,7.0,7.0,7.0,7°C,0.315638,0.0005,0.001,0.05,4.995e-05,0.314638,0.314588,998.95005,3,6.7333,6.3,7.2,0.4509,11.0,2026-09-10T21:30:00.000Z,PAPER_BUY,model_probability=0.3156; entry=0.0010; gross_edge=0.3146; fee=0.00005; net_ev=0.3146; entry_source=ask; fee_source=market
2026-09-10T21:49:08.056213+00:00,Amsterdam,EHAM,2026-09-10,highest_temperature,C,4356497,amsterdam|2026_09_10|highest_temperature|c|eham,exact,19.0,19.0,19.0,19°C,0.311529,0.0005,0.001,0.05,4.995e-05,0.310529,0.310479,998.95005,3,19.3333,18.7,20.2,0.7767,16.0,2026-09-10T21:25:00.000Z,PAPER_BUY,model_probability=0.3115; entry=0.0010; gross_edge=0.3105; fee=0.00005; net_ev=0.3105; entry_source=ask; fee_source=market
2026-09-10T21:49:08.054549+00:00,Munich,EDDM,2026-09-10,lowest_temperature,C,4355589,munich|2026_09_10|lowest_temperature|c|eddm,exact,10.0,10.0,10.0,10°C,0.309157,0.0005,0.001,0.05,4.995e-05,0.308157,0.308107,998.95005,3,9.6333,8.8,10.4,0.8021,12.0,2026-09-10T21:20:00.000Z,PAPER_BUY,model_probability=0.3092; entry=0.0010; gross_edge=0.3082; fee=0.00005; net_ev=0.3081; entry_source=ask; fee_source=market
2026-09-10T21:49:08.073489+00:00,Zhengzhou,ZHCC,2026-09-11,lowest_temperature,C,4430332,zhengzhou|2026_09_11|lowest_temperature|c|zhcc,exact,18.0,18.0,18.0,18°C,0.309157,0.0005,0.001,0.05,4.995e-05,0.308157,0.308107,998.95005,3,17.6333,17.2,18.2,0.5132,18.0,2026-09-10T21:00:00.000Z,PAPER_BUY,model_probability=0.3092; entry=0.0010; gross_edge=0.3082; fee=0.00005; net_ev=0.3081; entry_source=ask; fee_source=market
2026-09-10T21:49:08.054700+00:00,Milan,LIMC,2026-09-10,lowest_temperature,C,4355665,milan|2026_09_10|lowest_temperature|c|limc,exact,17.0,17.0,17.0,17°C,0.303802,0.0005,0.001,0.05,4.995e-05,0.302802,0.302752,998.95005,3,16.5667,16.4,16.9,0.2887,19.0,2026-09-10T21:20:00.000Z,PAPER_BUY,model_probability=0.3038; entry=0.0010; gross_edge=0.3028; fee=0.00005; net_ev=0.3028; entry_source=ask; fee_source=market
2026-09-10T21:49:08.059634+00:00,Sao Paulo,SBGR,2026-09-10,lowest_temperature,C,4363367,sao_paulo|2026_09_10|lowest_temperature|c|sbgr,exact,18.0,18.0,18.0,18°C,0.297672,0.0005,0.001,0.05,4.995e-05,0.296672,0.296622,998.95005,3,17.5,17.0,17.8,0.4359,17.0,2026-09-10T21:00:00.000Z,PAPER_BUY,model_probability=0.2977; entry=0.0010; gross_edge=0.2967; fee=0.00005; net_ev=0.2966; entry_source=ask; fee_source=market
2026-09-10T21:49:08.055666+00:00,Munich,EDDM,2026-09-10,highest_temperature,C,4356292,munich|2026_09_10|highest_temperature|c|eddm,exact,19.0,19.0,19.0,19°C,0.294331,0.0005,0.001,0.05,4.995e-05,0.293331,0.293281,998.95005,3,18.4667,17.9,18.9,0.5132,12.0,2026-09-10T21:20:00.000Z,PAPER_BUY,model_probability=0.2943; entry=0.0010; gross_edge=0.2933; fee=0.00005; net_ev=0.2933; entry_source=ask; fee_source=market
2026-09-10T21:49:08.058783+00:00,Seattle,KSEA,2026-09-10,lowest_temperature,F,4361513,seattle|2026_09_10|lowest_temperature|f|ksea,range,,60.0,61.0,60-61°F,0.290031,0.0005,0.001,0.05,4.995e-05,0.289031,0.288981,998.95005,3,14.5333,14.4,14.8,0.2309,20.0,2026-09-10T21:00:00.000Z,PAPER_BUY,model_probability=0.2900; entry=0.0010; gross_edge=0.2890; fee=0.00005; net_ev=0.2890; entry_source=ask; fee_source=market
2026-09-10T21:49:08.058212+00:00,Miami,KMIA,2026-09-10,highest_temperature,F,4359138,miami|2026_09_10|highest_temperature|f|kmia,range,,88.0,89.0,88-89°F,0.288634,0.0005,0.001,0.05,4.995e-05,0.287634,0.287584,998.95005,3,30.9667,28.9,32.0,1.7898,29.4,2026-09-10T21:00:00.000Z,PAPER_BUY,model_probability=0.2886; entry=0.0010; gross_edge=0.2876; fee=0.00005; net_ev=0.2876; entry_source=ask; fee_source=market
2026-09-10T21:49:08.055268+00:00,Cape Town,FACT,2026-09-10,lowest_temperature,C,4355891,cape_town|2026_09_10|lowest_temperature|c|fact,exact,15.0,15.0,15.0,15°C,0.287135,0.0005,0.001,0.05,4.995e-05,0.286135,0.286085,998.95005,3,14.4,13.9,15.0,0.5568,16.0,2026-09-10T21:00:00.000Z,PAPER_BUY,model_probability=0.2871; entry=0.0010; gross_edge=0.2861; fee=0.00005; net_ev=0.2861; entry_source=ask; fee_source=market
2026-09-10T21:49:08.056355+00:00,Cape Town,FACT,2026-09-10,highest_temperature,C,4356542,cape_town|2026_09_10|highest_temperature|c|fact,exact,20.0,20.0,20.0,20°C,0.287135,0.0005,0.001,0.05,4.995e-05,0.286135,0.286085,998.95005,3,19.4,19.1,19.8,0.3606,16.0,2026-09-10T21:00:00.000Z,PAPER_BUY,model_probability=0.2871; entry=0.0010; gross_edge=0.2861; fee=0.00005; net_ev=0.2861; entry_source=ask; fee_source=market
2026-09-10T21:49:08.058651+00:00,Houston,KHOU,2026-09-10,highest_temperature,F,4359173,houston|2026_09_10|highest_temperature|f|khou,range,,92.0,93.0,92-93°F,0.295101,0.0055,0.009,0.05,0.00044595,0.286101,0.285655,110.061561,3,32.3333,31.4,32.8,0.8083,30.6,2026-09-10T21:00:00.000Z,PAPER_BUY,model_probability=0.2951; entry=0.0090; gross_edge=0.2861; fee=0.00045; net_ev=0.2857; entry_source=ask; fee_source=market
2026-09-10T21:49:08.058333+00:00,Chicago,KORD,2026-09-10,highest_temperature,F,4359147,chicago|2026_09_10|highest_temperature|f|kord,range,,74.0,75.0,74-75°F,0.284962,0.0005,0.001,0.05,4.995e-05,0.283962,0.283912,998.95005,3,24.9333,24.4,25.2,0.4619,25.0,2026-09-10T21:00:00.000Z,PAPER_BUY,model_probability=0.2850; entry=0.0010; gross_edge=0.2840; fee=0.00005; net_ev=0.2839; entry_source=ask; fee_source=market
2026-09-10T21:49:08.083419+00:00,New York City,KLGA,2026-09-12,highest_temperature,F,4434108,new_york_city|2026_09_12|highest_temperature|f|klga,range,,82.0,83.0,82-83°F,0.366806,0.06,0.08,0.05,0.00368,0.286806,0.283126,11.454,3,27.1,25.9,27.7,1.0392,30.0,2026-09-10T21:00:00.000Z,PAPER_BUY,model_probability=0.3668; entry=0.0800; gross_edge=0.2868; fee=0.00368; net_ev=0.2831; entry_source=ask; fee_source=market
2026-09-10T21:49:08.061928+00:00,Tokyo,RJTT,2026-09-11,lowest_temperature,C,4399212,tokyo|2026_09_11|lowest_temperature|c|rjtt,exact,20.0,20.0,20.0,20°C,0.283293,0.0005,0.001,0.05,4.995e-05,0.282293,0.282243,998.95005,3,19.3667,19.0,19.6,0.3215,19.0,2026-09-10T21:30:00.000Z,PAPER_BUY,model_probability=0.2833; entry=0.0010; gross_edge=0.2823; fee=0.00005; net_ev=0.2822; entry_source=ask; fee_source=market
2026-09-10T21:49:08.083960+00:00,Denver,KBKF,2026-09-12,highest_temperature,F,4434149,denver|2026_09_12|highest_temperature|f|kbkf,range,,80.0,81.0,80-81°F,0.444992,0.125,0.16,0.05,0.00672,0.284992,0.278272,5.208,3,27.4667,27.1,28.2,0.6351,30.4,2026-09-10T21:00:00.000Z,PAPER_BUY,model_probability=0.4450; entry=0.1600; gross_edge=0.2850; fee=0.00672; net_ev=0.2783; entry_source=ask; fee_source=market
2026-09-10T21:49:08.058201+00:00,Miami,KMIA,2026-09-10,highest_temperature,F,4359137,miami|2026_09_10|highest_temperature|f|kmia,range,,86.0,87.0,86-87°F,0.27917,0.0005,0.001,0.05,4.995e-05,0.27817,0.27812,998.95005,3,30.9667,28.9,32.0,1.7898,29.4,2026-09-10T21:00:00.000Z,PAPER_BUY,model_probability=0.2792; entry=0.0010; gross_edge=0.2782; fee=0.00005; net_ev=0.2781; entry_source=ask; fee_source=market
2026-09-10T21:49:08.056050+00:00,Warsaw,EPWA,2026-09-10,highest_temperature,C,4356386,warsaw|2026_09_10|highest_temperature|c|epwa,exact,19.0,19.0,19.0,19°C,0.278795,0.0005,0.001,0.05,4.995e-05,0.277795,0.277745,998.95005,3,19.1667,17.8,20.1,1.2097,11.0,2026-09-10T21:30:00.000Z,PAPER_BUY,model_probability=0.2788; entry=0.0010; gross_edge=0.2778; fee=0.00005; net_ev=0.2777; entry_source=ask; fee_source=market
2026-09-10T21:49:08.069228+00:00,New York City,KLGA,2026-09-11,lowest_temperature,F,4401741,new_york_city|2026_09_11|lowest_temperature|f|klga,range,,68.0,69.0,68-69°F,0.441823,0.155,0.16,0.05,0.00672,0.281823,0.275103,5.208,3,19.7333,19.3,20.6,0.7506,30.0,2026-09-10T21:00:00.000Z,PAPER_BUY,model_probability=0.4418; entry=0.1600; gross_edge=0.2818; fee=0.00672; net_ev=0.2751; entry_source=ask; fee_source=market
2026-09-10T21:49:08.082141+00:00,Chicago,KORD,2026-09-12,highest_temperature,F,4433728,chicago|2026_09_12|highest_temperature|f|kord,range,,86.0,87.0,86-87°F,0.441823,0.14,0.16,0.05,0.00672,0.281823,0.275103,5.208,3,29.7333,28.8,30.2,0.8083,25.0,2026-09-10T21:00:00.000Z,PAPER_BUY,model_probability=0.4418; entry=0.1600; gross_edge=0.2818; fee=0.00672; net_ev=0.2751; entry_source=ask; fee_source=market
2026-09-10T21:49:08.070656+00:00,New York City,KLGA,2026-09-11,highest_temperature,F,4402216,new_york_city|2026_09_11|highest_temperature|f|klga,range,,82.0,83.0,82-83°F,0.471114,0.185,0.19,0.05,0.007695,0.281114,0.273419,4.222658,3,27.7667,27.1,28.1,0.5774,30.0,2026-09-10T21:00:00.000Z,PAPER_BUY,model_probability=0.4711; entry=0.1900; gross_edge=0.2811; fee=0.00770; net_ev=0.2734; entry_source=ask; fee_source=market
2026-09-10T21:49:08.083408+00:00,New York City,KLGA,2026-09-12,highest_temperature,F,4434107,new_york_city|2026_09_12|highest_temperature|f|klga,range,,80.0,81.0,80-81°F,0.479602,0.19,0.2,0.05,0.008,0.279602,0.271602,3.96,3,27.1,25.9,27.7,1.0392,30.0,2026-09-10T21:00:00.000Z,PAPER_BUY,model_probability=0.4796; entry=0.2000; gross_edge=0.2796; fee=0.00800; net_ev=0.2716; entry_source=ask; fee_source=market
2026-09-10T21:49:08.057898+00:00,Denver,KBKF,2026-09-10,lowest_temperature,F,4358921,denver|2026_09_10|lowest_temperature|f|kbkf,range,,56.0,57.0,56-57°F,0.272314,0.0005,0.001,0.05,4.995e-05,0.271314,0.271264,998.95005,3,12.2333,11.7,13.3,0.9238,30.4,2026-09-10T21:00:00.000Z,PAPER_BUY,model_probability=0.2723; entry=0.0010; gross_edge=0.2713; fee=0.00005; net_ev=0.2713; entry_source=ask; fee_source=market
2026-09-10T21:49:08.065228+00:00,Wellington,NZWN,2026-09-11,highest_temperature,C,4399995,wellington|2026_09_11|highest_temperature|c|nzwn,exact,13.0,13.0,13.0,13°C,0.309157,0.0335,0.037,0.05,0.00178155,0.272157,0.270375,25.978877,3,13.3667,12.7,13.8,0.5859,11.0,2026-09-10T21:30:00.000Z,PAPER_BUY,model_probability=0.3092; entry=0.0370; gross_edge=0.2722; fee=0.00178; net_ev=0.2704; entry_source=ask; fee_source=market
2026-09-10T21:49:08.061518+00:00,Wellington,NZWN,2026-09-11,lowest_temperature,C,4399166,wellington|2026_09_11|lowest_temperature|c|nzwn,exact,6.0,6.0,6.0,6°C,0.270887,0.0005,0.001,0.05,4.995e-05,0.269887,0.269837,998.95005,3,6.7333,6.3,7.2,0.4509,11.0,2026-09-10T21:30:00.000Z,PAPER_BUY,model_probability=0.2709; entry=0.0010; gross_edge=0.2699; fee=0.00005; net_ev=0.2698; entry_source=ask; fee_source=market
2026-09-10T21:49:08.064573+00:00,Manila,RPLL,2026-09-11,lowest_temperature,C,4399476,manila|2026_09_11|lowest_temperature|c|rpll,exact,26.0,26.0,26.0,26°C,0.270887,0.0005,0.001,0.05,4.995e-05,0.269887,0.269837,998.95005,3,25.2667,24.3,26.0,0.8737,25.0,2026-09-10T21:00:00.000Z,PAPER_BUY,model_probability=0.2709; entry=0.0010; gross_edge=0.2699; fee=0.00005; net_ev=0.2698; entry_source=ask; fee_source=market
2026-09-10T21:49:08.081809+00:00,Manila,RPLL,2026-09-12,highest_temperature,C,4431545,manila|2026_09_12|highest_temperature|c|rpll,exact,28.0,28.0,28.0,28°C,0.309157,0.025,0.04,0.05,0.00192,0.269157,0.267237,23.952,3,28.3667,27.9,29.1,0.6429,25.0,2026-09-10T21:00:00.000Z,PAPER_BUY,model_probability=0.3092; entry=0.0400; gross_edge=0.2692; fee=0.00192; net_ev=0.2672; entry_source=ask; fee_source=market
2026-09-10T21:49:08.054305+00:00,London,EGLC,2026-09-10,lowest_temperature,C,4355529,london|2026_09_10|lowest_temperature|c|eglc,or_higher,15.0,15.0,,15°C or higher,0.268256,0.0005,0.001,0.05,4.995e-05,0.267256,0.267206,998.95005,3,13.7333,12.5,14.5,1.0786,18.0,2026-09-10T21:20:00.000Z,PAPER_BUY,model_probability=0.2683; entry=0.0010; gross_edge=0.2673; fee=0.00005; net_ev=0.2672; entry_source=ask; fee_source=market
2026-09-10T21:49:08.054800+00:00,Madrid,LEMD,2026-09-10,lowest_temperature,C,4355689,madrid|2026_09_10|lowest_temperature|c|lemd,exact,12.0,12.0,12.0,12°C,0.266816,0.0005,0.001,0.05,4.995e-05,0.265816,0.265766,998.95005,3,11.9333,11.1,13.4,1.2741,20.0,2026-09-10T21:30:00.000Z,PAPER_BUY,model_probability=0.2668; entry=0.0010; gross_edge=0.2658; fee=0.00005; net_ev=0.2658; entry_source=ask; fee_source=market
2026-09-10T21:49:08.054975+00:00,Warsaw,EPWA,2026-09-10,lowest_temperature,C,4355728,warsaw|2026_09_10|lowest_temperature|c|epwa,exact,14.0,14.0,14.0,14°C,0.266485,0.0005,0.001,0.05,4.995e-05,0.265485,0.265435,998.95005,3,13.2333,12.1,13.9,0.9866,11.0,2026-09-10T21:30:00.000Z,PAPER_BUY,model_probability=0.2665; entry=0.0010; gross_edge=0.2655; fee=0.00005; net_ev=0.2654; entry_source=ask; fee_source=market
2026-09-10T21:49:08.054279+00:00,London,EGLC,2026-09-10,lowest_temperature,C,4355527,london|2026_09_10|lowest_temperature|c|eglc,exact,13.0,13.0,13.0,13°C,0.265362,0.0005,0.001,0.05,4.995e-05,0.264362,0.264312,998.95005,3,13.7333,12.5,14.5,1.0786,18.0,2026-09-10T21:20:00.000Z,PAPER_BUY,model_probability=0.2654; entry=0.0010; gross_edge=0.2644; fee=0.00005; net_ev=0.2643; entry_source=ask; fee_source=market
2026-09-10T21:49:08.058027+00:00,Houston,KHOU,2026-09-10,lowest_temperature,F,4358931,houston|2026_09_10|lowest_temperature|f|khou,range,,74.0,75.0,74-75°F,0.284962,0.01,0.02,0.05,0.00098,0.264962,0.263982,48.951,3,24.9333,23.8,25.5,0.9815,30.6,2026-09-10T21:00:00.000Z,PAPER_BUY,model_probability=0.2850; entry=0.0200; gross_edge=0.2650; fee=0.00098; net_ev=0.2640; entry_source=ask; fee_source=market
2026-09-10T21:49:08.060731+00:00,Mexico City,MMMX,2026-09-10,highest_temperature,C,4363782,mexico_city|2026_09_10|highest_temperature|c|mmmx,exact,24.0,24.0,24.0,24°C,0.257331,0.0005,0.001,0.05,4.995e-05,0.256331,0.256281,998.95005,3,24.8333,23.8,25.6,0.9292,23.0,2026-09-10T21:45:00.000Z,PAPER_BUY,model_probability=0.2573; entry=0.0010; gross_edge=0.2563; fee=0.00005; net_ev=0.2563; entry_source=ask; fee_source=market
2026-09-10T21:49:08.059032+00:00,San Francisco,KSFO,2026-09-10,lowest_temperature,F,4361532,san_francisco|2026_09_10|lowest_temperature|f|ksfo,range,,60.0,61.0,60-61°F,0.273808,0.0105,0.02,0.05,0.00098,0.253808,0.252828,48.951,3,16.4667,15.4,18.6,1.8475,28.9,2026-09-10T21:00:00.000Z,PAPER_BUY,model_probability=0.2738; entry=0.0200; gross_edge=0.2538; fee=0.00098; net_ev=0.2528; entry_source=ask; fee_source=market
2026-09-10T21:49:08.067975+00:00,Guangzhou,ZGGG,2026-09-11,highest_temperature,C,4400278,guangzhou|2026_09_11|highest_temperature|c|zggg,exact,30.0,30.0,30.0,30°C,0.283293,0.025,0.03,0.05,0.001455,0.253293,0.251838,32.284833,3,30.6333,30.3,31.0,0.3512,25.0,2026-09-10T21:30:00.000Z,PAPER_BUY,model_probability=0.2833; entry=0.0300; gross_edge=0.2533; fee=0.00145; net_ev=0.2518; entry_source=ask; fee_source=market
2026-09-10T21:49:08.055896+00:00,Madrid,LEMD,2026-09-10,highest_temperature,C,4356371,madrid|2026_09_10|highest_temperature|c|lemd,exact,26.0,26.0,26.0,26°C,0.252597,0.0005,0.001,0.05,4.995e-05,0.251597,0.251547,998.95005,3,26.8667,26.4,27.7,0.7234,20.0,2026-09-10T21:30:00.000Z,PAPER_BUY,model_probability=0.2526; entry=0.0010; gross_edge=0.2516; fee=0.00005; net_ev=0.2515; entry_source=ask; fee_source=market
2026-09-10T21:49:08.071066+00:00,Houston,KHOU,2026-09-11,highest_temperature,F,4402247,houston|2026_09_11|highest_temperature|f|khou,range,,88.0,89.0,88-89°F,0.459122,0.19,0.2,0.05,0.008,0.259122,0.251122,3.96,3,31.8,31.8,31.8,0.0,30.6,2026-09-10T21:00:00.000Z,PAPER_BUY,model_probability=0.4591; entry=0.2000; gross_edge=0.2591; fee=0.00800; net_ev=0.2511; entry_source=ask; fee_source=market
2026-09-10T21:49:08.084877+00:00,Los Angeles,KLAX,2026-09-12,highest_temperature,F,4436807,los_angeles|2026_09_12|highest_temperature|f|klax,or_higher,88.0,88.0,,88°F or higher,0.34515,0.085,0.09,0.05,0.004095,0.25515,0.251055,10.065611,3,29.5,28.1,32.3,2.4249,31.1,2026-09-10T21:00:00.000Z,PAPER_BUY,model_probability=0.3452; entry=0.0900; gross_edge=0.2552; fee=0.00409; net_ev=0.2511; entry_source=ask; fee_source=market
2026-09-10T21:49:08.060619+00:00,Toronto,CYYZ,2026-09-10,highest_temperature,C,4363772,toronto|2026_09_10|highest_temperature|c|cyyz,exact,26.0,26.0,26.0,26°C,0.263376,0.0065,0.013,0.05,0.00064155,0.250376,0.249735,75.873727,3,25.5,24.1,26.2,1.2124,23.0,2026-09-10T21:00:00.000Z,PAPER_BUY,model_probability=0.2634; entry=0.0130; gross_edge=0.2504; fee=0.00064; net_ev=0.2497; entry_source=ask; fee_source=market
2026-09-10T21:49:08.057476+00:00,Miami,KMIA,2026-09-10,lowest_temperature,F,4358889,miami|2026_09_10|lowest_temperature|f|kmia,range,,80.0,81.0,80-81°F,0.249755,0.0005,0.001,0.05,4.995e-05,0.248755,0.248705,998.95005,3,25.4667,25.2,26.0,0.4619,29.4,2026-09-10T21:00:00.000Z,PAPER_BUY,model_probability=0.2498; entry=0.0010; gross_edge=0.2488; fee=0.00005; net_ev=0.2487; entry_source=ask; fee_source=market
2026-09-10T21:49:08.055811+00:00,Milan,LIMC,2026-09-10,highest_temperature,C,4356359,milan|2026_09_10|highest_temperature|c|limc,exact,21.0,21.0,21.0,21°C,0.247769,0.0005,0.001,0.05,4.995e-05,0.246769,0.246719,998.95005,3,21.9,21.4,22.4,0.5,19.0,2026-09-10T21:20:00.000Z,PAPER_BUY,model_probability=0.2478; entry=0.0010; gross_edge=0.2468; fee=0.00005; net_ev=0.2467; entry_source=ask; fee_source=market
2026-09-10T21:49:08.060854+00:00,Panama City,MPMG,2026-09-10,highest_temperature,C,4363792,panama_city|2026_09_10|highest_temperature|c|mpmg,exact,29.0,29.0,29.0,29°C,0.247769,0.0005,0.001,0.05,4.995e-05,0.246769,0.246719,998.95005,3,29.9,29.5,30.3,0.4,29.0,2026-09-10T21:00:00.000Z,PAPER_BUY,model_probability=0.2478; entry=0.0010; gross_edge=0.2468; fee=0.00005; net_ev=0.2467; entry_source=ask; fee_source=market
2026-09-10T21:49:08.070667+00:00,New York City,KLGA,2026-09-11,highest_temperature,F,4402217,new_york_city|2026_09_11|highest_temperature|f|klga,range,,84.0,85.0,84-85°F,0.267272,0.01,0.02,0.05,0.00098,0.247272,0.246292,48.951,3,27.7667,27.1,28.1,0.5774,30.0,2026-09-10T21:00:00.000Z,PAPER_BUY,model_probability=0.2673; entry=0.0200; gross_edge=0.2473; fee=0.00098; net_ev=0.2463; entry_source=ask; fee_source=market
2026-09-10T21:49:08.056892+00:00,Denver,KBKF,2026-09-10,highest_temperature,F,4358682,denver|2026_09_10|highest_temperature|f|kbkf,range,,84.0,85.0,84-85°F,0.244798,0.0005,0.001,0.05,4.995e-05,0.243798,0.243748,998.95005,3,30.6667,30.6,30.8,0.1155,30.4,2026-09-10T21:00:00.000Z,PAPER_BUY,model_probability=0.2448; entry=0.0010; gross_edge=0.2438; fee=0.00005; net_ev=0.2437; entry_source=ask; fee_source=market
2026-09-10T21:49:08.055505+00:00,Paris,LFPB,2026-09-10,highest_temperature,C,4356234,paris|2026_09_10|highest_temperature|c|lfpb,exact,20.0,20.0,20.0,20°C,0.242856,0.0005,0.001,0.05,4.995e-05,0.241856,0.241806,998.95005,3,20.9333,20.3,21.6,0.6506,14.0,2026-09-10T21:30:00.000Z,PAPER_BUY,model_probability=0.2429; entry=0.0010; gross_edge=0.2419; fee=0.00005; net_ev=0.2418; entry_source=ask; fee_source=market
2026-09-10T21:49:08.060446+00:00,Buenos Aires,SAEZ,2026-09-10,highest_temperature,C,4363757,buenos_aires|2026_09_10|highest_temperature|c|saez,exact,20.0,20.0,20.0,20°C,0.242856,0.0005,0.001,0.05,4.995e-05,0.241856,0.241806,998.95005,3,20.9333,20.7,21.1,0.2082,19.0,2026-09-10T21:00:00.000Z,PAPER_BUY,model_probability=0.2429; entry=0.0010; gross_edge=0.2419; fee=0.00005; net_ev=0.2418; entry_source=ask; fee_source=market
2026-09-10T21:49:08.081989+00:00,Dallas,KDAL,2026-09-12,highest_temperature,F,4433717,dallas|2026_09_12|highest_temperature|f|kdal,range,,102.0,103.0,102-103°F,0.470186,0.2,0.22,0.05,0.00858,0.250186,0.241606,3.506455,3,38.8667,38.8,38.9,0.0577,36.7,2026-09-10T21:00:00.000Z,PAPER_BUY,model_probability=0.4702; entry=0.2200; gross_edge=0.2502; fee=0.00858; net_ev=0.2416; entry_source=ask; fee_source=market
2026-09-10T21:49:08.055131+00:00,Amsterdam,EHAM,2026-09-10,lowest_temperature,C,4355847,amsterdam|2026_09_10|lowest_temperature|c|eham,exact,12.0,12.0,12.0,12°C,0.241815,0.0005,0.001,0.05,4.995e-05,0.240815,0.240765,998.95005,3,12.1667,10.7,13.5,1.4048,16.0,2026-09-10T21:25:00.000Z,PAPER_BUY,model_probability=0.2418; entry=0.0010; gross_edge=0.2408; fee=0.00005; net_ev=0.2408; entry_source=ask; fee_source=market
2026-09-10T21:49:08.079356+00:00,Singapore,WSSS,2026-09-12,highest_temperature,C,4431303,singapore|2026_09_12|highest_temperature|c|wsss,exact,30.0,30.0,30.0,30°C,0.279299,0.03,0.04,0.05,0.00192,0.239299,0.237379,23.952,3,30.6667,30.1,31.0,0.4933,28.0,2026-09-10T21:30:00.000Z,PAPER_BUY,model_probability=0.2793; entry=0.0400; gross_edge=0.2393; fee=0.00192; net_ev=0.2374; entry_source=ask; fee_source=market
2026-09-10T21:49:08.068638+00:00,Dallas,KDAL,2026-09-11,highest_temperature,F,4401431,dallas|2026_09_11|highest_temperature|f|kdal,range,,98.0,99.0,98-99°F,0.482823,0.23,0.24,0.05,0.00912,0.242823,0.233703,3.128667,3,36.9,36.9,36.9,0.0,36.7,2026-09-10T21:00:00.000Z,PAPER_BUY,model_probability=0.4828; entry=0.2400; gross_edge=0.2428; fee=0.00912; net_ev=0.2337; entry_source=ask; fee_source=market
2026-09-10T21:49:08.060630+00:00,Toronto,CYYZ,2026-09-10,highest_temperature,C,4363773,toronto|2026_09_10|highest_temperature|c|cyyz,or_higher,27.0,27.0,,27°C or higher,0.236624,0.0015,0.003,0.05,0.00014955,0.233624,0.233474,332.283483,3,25.5,24.1,26.2,1.2124,23.0,2026-09-10T21:00:00.000Z,PAPER_BUY,model_probability=0.2366; entry=0.0030; gross_edge=0.2336; fee=0.00015; net_ev=0.2335; entry_source=ask; fee_source=market
2026-09-10T21:49:08.059525+00:00,San Francisco,KSFO,2026-09-10,highest_temperature,F,4362188,san_francisco|2026_09_10|highest_temperature|f|ksfo,range,,86.0,87.0,86-87°F,0.275267,0.03,0.04,0.05,0.00192,0.235267,0.233347,23.952,3,30.0,28.9,32.2,1.9053,28.9,2026-09-10T21:00:00.000Z,PAPER_BUY,model_probability=0.2753; entry=0.0400; gross_edge=0.2353; fee=0.00192; net_ev=0.2333; entry_source=ask; fee_source=market
2026-09-10T21:49:08.059738+00:00,Buenos Aires,SAEZ,2026-09-10,lowest_temperature,C,4363375,buenos_aires|2026_09_10|lowest_temperature|c|saez,exact,8.0,8.0,8.0,8°C,0.232811,0.0005,0.001,0.05,4.995e-05,0.231811,0.231761,998.95005,3,9.0,8.6,9.2,0.3464,19.0,2026-09-10T21:00:00.000Z,PAPER_BUY,model_probability=0.2328; entry=0.0010; gross_edge=0.2318; fee=0.00005; net_ev=0.2318; entry_source=ask; fee_source=market
2026-09-10T21:49:08.059758+00:00,Buenos Aires,SAEZ,2026-09-10,lowest_temperature,C,4363377,buenos_aires|2026_09_10|lowest_temperature|c|saez,exact,10.0,10.0,10.0,10°C,0.232811,0.0005,0.001,0.05,4.995e-05,0.231811,0.231761,998.95005,3,9.0,8.6,9.2,0.3464,19.0,2026-09-10T21:00:00.000Z,PAPER_BUY,model_probability=0.2328; entry=0.0010; gross_edge=0.2318; fee=0.00005; net_ev=0.2318; entry_source=ask; fee_source=market
2026-09-10T21:49:08.073382+00:00,Panama City,MPMG,2026-09-11,highest_temperature,C,4405146,panama_city|2026_09_11|highest_temperature|c|mpmg,exact,30.0,30.0,30.0,30°C,0.272877,0.035,0.04,0.05,0.00192,0.232877,0.230957,23.952,3,30.4333,29.7,31.8,1.1846,29.0,2026-09-10T21:00:00.000Z,PAPER_BUY,model_probability=0.2729; entry=0.0400; gross_edge=0.2329; fee=0.00192; net_ev=0.2310; entry_source=ask; fee_source=market
2026-09-10T21:49:08.065095+00:00,Ankara,LTAC,2026-09-11,highest_temperature,C,4399985,ankara|2026_09_11|highest_temperature|c|ltac,exact,29.0,29.0,29.0,29°C,0.261963,0.025,0.03,0.05,0.001455,0.231963,0.230508,32.284833,3,29.8,29.3,30.4,0.5568,17.0,2026-09-10T21:20:00.000Z,PAPER_BUY,model_probability=0.2620; entry=0.0300; gross_edge=0.2320; fee=0.00145; net_ev=0.2305; entry_source=ask; fee_source=market
2026-09-10T21:49:08.056785+00:00,Atlanta,KATL,2026-09-10,highest_temperature,F,4358674,atlanta|2026_09_10|highest_temperature|f|katl,range,,92.0,93.0,92-93°F,0.249755,0.01,0.02,0.05,0.00098,0.229755,0.228775,48.951,3,32.1333,31.8,32.3,0.2887,32.2,2026-09-10T21:00:00.000Z,PAPER_BUY,model_probability=0.2498; entry=0.0200; gross_edge=0.2298; fee=0.00098; net_ev=0.2288; entry_source=ask; fee_source=market
2026-09-10T21:49:08.069070+00:00,Denver,KBKF,2026-09-11,highest_temperature,F,4401464,denver|2026_09_11|highest_temperature|f|kbkf,range,,88.0,89.0,88-89°F,0.466145,0.205,0.23,0.05,0.008855,0.236145,0.22729,3.309326,3,31.7333,31.5,32.2,0.4041,30.4,2026-09-10T21:00:00.000Z,PAPER_BUY,model_probability=0.4661; entry=0.2300; gross_edge=0.2361; fee=0.00886; net_ev=0.2273; entry_source=ask; fee_source=market
2026-09-10T21:49:08.057345+00:00,Atlanta,KATL,2026-09-10,lowest_temperature,F,4358879,atlanta|2026_09_10|lowest_temperature|f|katl,range,,74.0,75.0,74-75°F,0.227667,0.0005,0.001,0.05,4.995e-05,0.226667,0.226617,998.95005,3,22.0333,21.1,22.5,0.8083,32.2,2026-09-10T21:00:00.000Z,PAPER_BUY,model_probability=0.2277; entry=0.0010; gross_edge=0.2267; fee=0.00005; net_ev=0.2266; entry_source=ask; fee_source=market
2026-09-10T21:49:08.059395+00:00,Los Angeles,KLAX,2026-09-10,highest_temperature,F,4362178,los_angeles|2026_09_10|highest_temperature|f|klax,range,,92.0,93.0,92-93°F,0.235561,0.0055,0.01,0.05,0.000495,0.225561,0.225066,98.9505,3,35.2,34.5,36.6,1.2124,31.1,2026-09-10T21:00:00.000Z,PAPER_BUY,model_probability=0.2356; entry=0.0100; gross_edge=0.2256; fee=0.00049; net_ev=0.2251; entry_source=ask; fee_source=market
2026-09-10T21:49:08.078938+00:00,Munich,EDDM,2026-09-12,highest_temperature,C,4431248,munich|2026_09_12|highest_temperature|c|eddm,exact,21.0,21.0,21.0,21°C,0.287135,0.045,0.06,0.05,0.00282,0.227135,0.224315,15.619667,3,21.6,21.3,21.8,0.2646,12.0,2026-09-10T21:20:00.000Z,PAPER_BUY,model_probability=0.2871; entry=0.0600; gross_edge=0.2271; fee=0.00282; net_ev=0.2243; entry_source=ask; fee_source=market
2026-09-10T21:49:08.066708+00:00,Wuhan,ZHHH,2026-09-11,highest_temperature,C,4400156,wuhan|2026_09_11|highest_temperature|c|zhhh,exact,27.0,27.0,27.0,27°C,0.306579,0.075,0.08,0.05,0.00368,0.226579,0.222899,11.454,3,27.4,27.2,27.6,0.2,18.0,2026-09-10T21:00:00.000Z,PAPER_BUY,model_probability=0.3066; entry=0.0800; gross_edge=0.2266; fee=0.00368; net_ev=0.2229; entry_source=ask; fee_source=market
2026-09-10T21:49:08.082001+00:00,Dallas,KDAL,2026-09-12,highest_temperature,F,4433718,dallas|2026_09_12|highest_temperature|f|kdal,range,,104.0,105.0,104-105°F,0.264756,0.03,0.04,0.05,0.00192,0.224756,0.222836,23.952,3,38.8667,38.8,38.9,0.0577,36.7,2026-09-10T21:00:00.000Z,PAPER_BUY,model_probability=0.2648; entry=0.0400; gross_edge=0.2248; fee=0.00192; net_ev=0.2228; entry_source=ask; fee_source=market
2026-09-10T21:49:08.055524+00:00,Paris,LFPB,2026-09-10,highest_temperature,C,4356236,paris|2026_09_10|highest_temperature|c|lfpb,exact,22.0,22.0,22.0,22°C,0.222532,0.0005,0.001,0.05,4.995e-05,0.221532,0.221482,998.95005,3,20.9333,20.3,21.6,0.6506,14.0,2026-09-10T21:30:00.000Z,PAPER_BUY,model_probability=0.2225; entry=0.0010; gross_edge=0.2215; fee=0.00005; net_ev=0.2215; entry_source=ask; fee_source=market
2026-09-10T21:49:08.082222+00:00,New York City,KLGA,2026-09-12,lowest_temperature,F,4433891,new_york_city|2026_09_12|lowest_temperature|f|klga,range,,58.0,59.0,58-59°F,0.241687,0.01,0.02,0.05,0.00098,0.221687,0.220707,48.951,3,16.2667,15.6,17.6,1.1547,30.0,2026-09-10T21:00:00.000Z,PAPER_BUY,model_probability=0.2417; entry=0.0200; gross_edge=0.2217; fee=0.00098; net_ev=0.2207; entry_source=ask; fee_source=market
2026-09-10T21:49:08.081819+00:00,Manila,RPLL,2026-09-12,highest_temperature,C,4431546,manila|2026_09_12|highest_temperature|c|rpll,exact,29.0,29.0,29.0,29°C,0.283293,0.05,0.06,0.05,0.00282,0.223293,0.220473,15.619667,3,28.3667,27.9,29.1,0.6429,25.0,2026-09-10T21:00:00.000Z,PAPER_BUY,model_probability=0.2833; entry=0.0600; gross_edge=0.2233; fee=0.00282; net_ev=0.2205; entry_source=ask; fee_source=market
2026-09-10T21:49:08.060466+00:00,Buenos Aires,SAEZ,2026-09-10,highest_temperature,C,4363759,buenos_aires|2026_09_10|highest_temperature|c|saez,exact,22.0,22.0,22.0,22°C,0.222532,0.0015,0.003,0.05,0.00014955,0.219532,0.219383,332.283483,3,20.9333,20.7,21.1,0.2082,19.0,2026-09-10T21:00:00.000Z,PAPER_BUY,model_probability=0.2225; entry=0.0030; gross_edge=0.2195; fee=0.00015; net_ev=0.2194; entry_source=ask; fee_source=market
2026-09-10T21:49:08.068649+00:00,Dallas,KDAL,2026-09-11,highest_temperature,F,4401432,dallas|2026_09_11|highest_temperature|f|kdal,range,,100.0,101.0,100-101°F,0.322873,0.085,0.1,0.05,0.0045,0.222873,0.218373,8.955,3,36.9,36.9,36.9,0.0,36.7,2026-09-10T21:00:00.000Z,PAPER_BUY,model_probability=0.3229; entry=0.1000; gross_edge=0.2229; fee=0.00450; net_ev=0.2184; entry_source=ask; fee_source=market
2026-09-10T21:49:08.082245+00:00,New York City,KLGA,2026-09-12,lowest_temperature,F,4433893,new_york_city|2026_09_12|lowest_temperature|f|klga,range,,62.0,63.0,62-63°F,0.393503,0.16,0.17,0.05,0.007055,0.223503,0.216448,4.840853,3,16.2667,15.6,17.6,1.1547,30.0,2026-09-10T21:00:00.000Z,PAPER_BUY,model_probability=0.3935; entry=0.1700; gross_edge=0.2235; fee=0.00706; net_ev=0.2164; entry_source=ask; fee_source=market
2026-09-10T21:49:08.055374+00:00,London,EGLC,2026-09-10,highest_temperature,C,4356223,london|2026_09_10|highest_temperature|c|eglc,exact,19.0,19.0,19.0,19°C,0.217326,0.0005,0.001,0.05,4.995e-05,0.216326,0.216276,998.95005,3,20.1,19.0,20.9,0.9849,18.0,2026-09-10T21:20:00.000Z,PAPER_BUY,model_probability=0.2173; entry=0.0010; gross_edge=0.2163; fee=0.00005; net_ev=0.2163; entry_source=ask; fee_source=market
2026-09-10T21:49:08.055831+00:00,Milan,LIMC,2026-09-10,highest_temperature,C,4356361,milan|2026_09_10|highest_temperature|c|limc,exact,23.0,23.0,23.0,23°C,0.217326,0.0005,0.001,0.05,4.995e-05,0.216326,0.216276,998.95005,3,21.9,21.4,22.4,0.5,19.0,2026-09-10T21:20:00.000Z,PAPER_BUY,model_probability=0.2173; entry=0.0010; gross_edge=0.2163; fee=0.00005; net_ev=0.2163; entry_source=ask; fee_source=market
2026-09-10T21:49:08.059536+00:00,San Francisco,KSFO,2026-09-10,highest_temperature,F,4362189,san_francisco|2026_09_10|highest_temperature|f|ksfo,range,,88.0,89.0,88-89°F,0.228793,0.0075,0.013,0.05,0.00064155,0.215793,0.215152,75.873727,3,30.0,28.9,32.2,1.9053,28.9,2026-09-10T21:00:00.000Z,PAPER_BUY,model_probability=0.2288; entry=0.0130; gross_edge=0.2158; fee=0.00064; net_ev=0.2152; entry_source=ask; fee_source=market
2026-09-10T21:54:54.613577+00:00,Los Angeles,KLAX,2026-09-10,highest_temperature,F,4362179,los_angeles|2026_09_10|highest_temperature|f|klax,or_higher,94.0,94.0,,94°F or higher,0.816071,0.0055,0.01,0.05,0.000495,0.806071,0.805576,98.9505,3,35.2,34.5,36.6,1.2124,31.1,2026-09-10T21:00:00.000Z,PAPER_BUY,model_probability=0.8161; entry=0.0100; gross_edge=0.8061; fee=0.00049; net_ev=0.8056; entry_source=ask; fee_source=market
2026-09-10T21:54:54.612537+00:00,Austin,KAUS,2026-09-10,highest_temperature,F,4359159,austin|2026_09_10|highest_temperature|f|kaus,range,,96.0,97.0,96-97°F,0.482464,0.0005,0.001,0.05,4.995e-05,0.481464,0.481414,998.95005,3,35.9,35.5,36.7,0.6928,37.2,2026-09-10T21:00:00.000Z,PAPER_BUY,model_probability=0.4825; entry=0.0010; gross_edge=0.4815; fee=0.00005; net_ev=0.4814; entry_source=ask; fee_source=market
2026-09-10T21:54:54.627185+00:00,Los Angeles,KLAX,2026-09-11,highest_temperature,F,4404589,los_angeles|2026_09_11|highest_temperature|f|klax,or_higher,90.0,90.0,,90°F or higher,0.516686,0.022,0.037,0.05,0.00178155,0.479686,0.477904,25.978877,3,31.8333,30.5,34.5,2.3094,31.1,2026-09-10T21:00:00.000Z,PAPER_BUY,model_probability=0.5167; entry=0.0370; gross_edge=0.4797; fee=0.00178; net_ev=0.4779; entry_source=ask; fee_source=market
2026-09-10T21:54:54.611394+00:00,Miami,KMIA,2026-09-10,lowest_temperature,F,4358888,miami|2026_09_10|lowest_temperature|f|kmia,range,,78.0,79.0,78-79°F,0.463931,0.0005,0.001,0.05,4.995e-05,0.462931,0.462881,998.95005,3,25.4667,25.2,26.0,0.4619,29.4,2026-09-10T21:00:00.000Z,PAPER_BUY,model_probability=0.4639; entry=0.0010; gross_edge=0.4629; fee=0.00005; net_ev=0.4629; entry_source=ask; fee_source=market
2026-09-10T21:54:54.612718+00:00,Houston,KHOU,2026-09-10,highest_temperature,F,4359172,houston|2026_09_10|highest_temperature|f|khou,range,,90.0,91.0,90-91°F,0.479085,0.015,0.02,0.05,0.00098,0.459085,0.458105,48.951,3,32.3333,31.4,32.8,0.8083,30.6,2026-09-10T21:00:00.000Z,PAPER_BUY,model_probability=0.4791; entry=0.0200; gross_edge=0.4591; fee=0.00098; net_ev=0.4581; entry_source=ask; fee_source=market
2026-09-10T21:54:54.611723+00:00,Austin,KAUS,2026-09-10,lowest_temperature,F,4358911,austin|2026_09_10|lowest_temperature|f|kaus,range,,76.0,77.0,76-77°F,0.455193,0.0005,0.001,0.05,4.995e-05,0.454193,0.454143,998.95005,3,25.1667,24.7,25.4,0.4041,37.2,2026-09-10T21:00:00.000Z,PAPER_BUY,model_probability=0.4552; entry=0.0010; gross_edge=0.4542; fee=0.00005; net_ev=0.4541; entry_source=ask; fee_source=market
2026-09-10T21:54:54.610438+00:00,Dallas,KDAL,2026-09-10,highest_temperature,F,4358661,dallas|2026_09_10|highest_temperature|f|kdal,range,,96.0,97.0,96-97°F,0.443421,0.0005,0.001,0.05,4.995e-05,0.442421,0.442371,998.95005,3,36.3667,36.3,36.5,0.1155,36.7,2026-09-10T21:00:00.000Z,PAPER_BUY,model_probability=0.4434; entry=0.0010; gross_edge=0.4424; fee=0.00005; net_ev=0.4424; entry_source=ask; fee_source=market
2026-09-10T21:54:54.611735+00:00,Austin,KAUS,2026-09-10,lowest_temperature,F,4358912,austin|2026_09_10|lowest_temperature|f|kaus,range,,78.0,79.0,78-79°F,0.422534,0.0005,0.001,0.05,4.995e-05,0.421534,0.421484,998.95005,3,25.1667,24.7,25.4,0.4041,37.2,2026-09-10T21:00:00.000Z,PAPER_BUY,model_probability=0.4225; entry=0.0010; gross_edge=0.4215; fee=0.00005; net_ev=0.4215; entry_source=ask; fee_source=market
2026-09-10T21:54:54.610890+00:00,New York City,KLGA,2026-09-10,lowest_temperature,F,4358854,new_york_city|2026_09_10|lowest_temperature|f|klga,range,,70.0,71.0,70-71°F,0.436868,0.01,0.02,0.05,0.00098,0.416868,0.415888,48.951,3,21.9667,21.5,22.2,0.4041,30.0,2026-09-10T21:00:00.000Z,PAPER_BUY,model_probability=0.4369; entry=0.0200; gross_edge=0.4169; fee=0.00098; net_ev=0.4159; entry_source=ask; fee_source=market
2026-09-10T21:54:54.610596+00:00,Atlanta,KATL,2026-09-10,highest_temperature,F,4358672,atlanta|2026_09_10|highest_temperature|f|katl,range,,88.0,89.0,88-89°F,0.408774,0.0005,0.001,0.05,4.995e-05,0.407774,0.407724,998.95005,3,32.1333,31.8,32.3,0.2887,31.7,2026-09-10T22:00:00.000Z,PAPER_BUY,model_probability=0.4088; entry=0.0010; gross_edge=0.4078; fee=0.00005; net_ev=0.4077; entry_source=ask; fee_source=market
2026-09-10T21:54:54.611382+00:00,Miami,KMIA,2026-09-10,lowest_temperature,F,4358887,miami|2026_09_10|lowest_temperature|f|kmia,range,,76.0,77.0,76-77°F,0.408774,0.0005,0.001,0.05,4.995e-05,0.407774,0.407724,998.95005,3,25.4667,25.2,26.0,0.4619,29.4,2026-09-10T21:00:00.000Z,PAPER_BUY,model_probability=0.4088; entry=0.0010; gross_edge=0.4078; fee=0.00005; net_ev=0.4077; entry_source=ask; fee_source=market
2026-09-10T21:54:54.610311+00:00,New York City,KLGA,2026-09-10,highest_temperature,F,4358653,new_york_city|2026_09_10|highest_temperature|f|klga,range,,88.0,89.0,88-89°F,0.476667,0.04,0.08,0.05,0.00368,0.396667,0.392987,11.454,3,31.6,31.4,31.7,0.1732,30.0,2026-09-10T21:00:00.000Z,PAPER_BUY,model_probability=0.4767; entry=0.0800; gross_edge=0.3967; fee=0.00368; net_ev=0.3930; entry_source=ask; fee_source=market
2026-09-10T21:54:54.624535+00:00,New York City,KLGA,2026-09-11,lowest_temperature,F,4401740,new_york_city|2026_09_11|lowest_temperature|f|klga,range,,66.0,67.0,66-67°F,0.438546,0.04,0.05,0.05,0.002375,0.388546,0.386171,18.9525,3,19.7333,19.3,20.6,0.7506,30.0,2026-09-10T21:00:00.000Z,PAPER_BUY,model_probability=0.4385; entry=0.0500; gross_edge=0.3885; fee=0.00238; net_ev=0.3862; entry_source=ask; fee_source=market
2026-09-10T21:54:54.638017+00:00,New York City,KLGA,2026-09-12,lowest_temperature,F,4433892,new_york_city|2026_09_12|lowest_temperature|f|klga,range,,60.0,61.0,60-61°F,0.42146,0.02,0.04,0.05,0.00192,0.38146,0.37954,23.952,3,16.2667,15.6,17.6,1.1547,30.0,2026-09-10T21:00:00.000Z,PAPER_BUY,model_probability=0.4215; entry=0.0400; gross_edge=0.3815; fee=0.00192; net_ev=0.3795; entry_source=ask; fee_source=market
2026-09-10T21:54:54.610324+00:00,New York City,KLGA,2026-09-10,highest_temperature,F,4358654,new_york_city|2026_09_10|highest_temperature|f|klga,range,,90.0,91.0,90-91°F,0.378403,0.0005,0.001,0.05,4.995e-05,0.377403,0.377353,998.95005,3,31.6,31.4,31.7,0.1732,30.0,2026-09-10T21:00:00.000Z,PAPER_BUY,model_probability=0.3784; entry=0.0010; gross_edge=0.3774; fee=0.00005; net_ev=0.3774; entry_source=ask; fee_source=market
2026-09-10T21:54:54.626163+00:00,Austin,KAUS,2026-09-11,highest_temperature,F,4402236,austin|2026_09_11|highest_temperature|f|kaus,range,,96.0,97.0,96-97°F,0.44805,0.065,0.07,0.05,0.003255,0.37805,0.374795,13.239214,3,36.3333,36.2,36.4,0.1155,37.2,2026-09-10T21:00:00.000Z,PAPER_BUY,model_probability=0.4480; entry=0.0700; gross_edge=0.3780; fee=0.00326; net_ev=0.3748; entry_source=ask; fee_source=market
2026-09-10T21:54:54.624209+00:00,Miami,KMIA,2026-09-11,highest_temperature,F,4401451,miami|2026_09_11|highest_temperature|f|kmia,range,,84.0,85.0,84-85°F,0.391835,0.015,0.02,0.05,0.00098,0.371835,0.370855,48.951,3,30.0,29.8,30.4,0.3464,29.4,2026-09-10T21:00:00.000Z,PAPER_BUY,model_probability=0.3918; entry=0.0200; gross_edge=0.3718; fee=0.00098; net_ev=0.3709; entry_source=ask; fee_source=market
2026-09-10T21:54:54.624222+00:00,Miami,KMIA,2026-09-11,highest_temperature,F,4401452,miami|2026_09_11|highest_temperature|f|kmia,range,,86.0,87.0,86-87°F,0.472009,0.125,0.13,0.05,0.005655,0.342009,0.336354,6.648808,3,30.0,29.8,30.4,0.3464,29.4,2026-09-10T21:00:00.000Z,PAPER_BUY,model_probability=0.4720; entry=0.1300; gross_edge=0.3420; fee=0.00566; net_ev=0.3364; entry_source=ask; fee_source=market
2026-09-10T21:54:54.613960+00:00,Buenos Aires,SAEZ,2026-09-10,lowest_temperature,C,4363376,buenos_aires|2026_09_10|lowest_temperature|c|saez,exact,9.0,9.0,9.0,9°C,0.323078,0.0005,0.001,0.05,4.995e-05,0.322078,0.322028,998.95005,3,9.0,8.6,9.2,0.3464,19.0,2026-09-10T21:00:00.000Z,PAPER_BUY,model_probability=0.3231; entry=0.0010; gross_edge=0.3221; fee=0.00005; net_ev=0.3220; entry_source=ask; fee_source=market
2026-09-10T21:54:54.609029+00:00,London,EGLC,2026-09-10,highest_temperature,C,4356224,london|2026_09_10|highest_temperature|c|eglc,exact,20.0,20.0,20.0,20°C,0.322021,0.0005,0.001,0.05,4.995e-05,0.321021,0.320971,998.95005,3,20.1,19.0,20.9,0.9849,17.0,2026-09-10T22:00:00.000Z,PAPER_BUY,model_probability=0.3220; entry=0.0010; gross_edge=0.3210; fee=0.00005; net_ev=0.3210; entry_source=ask; fee_source=market
2026-09-10T21:54:54.615247+00:00,Panama City,MPMG,2026-09-10,highest_temperature,C,4363793,panama_city|2026_09_10|highest_temperature|c|mpmg,exact,30.0,30.0,30.0,30°C,0.322021,0.0005,0.001,0.05,4.995e-05,0.321021,0.320971,998.95005,3,29.9,29.5,30.3,0.4,29.0,2026-09-10T21:00:00.000Z,PAPER_BUY,model_probability=0.3220; entry=0.0010; gross_edge=0.3210; fee=0.00005; net_ev=0.3210; entry_source=ask; fee_source=market
2026-09-10T21:54:54.609638+00:00,Madrid,LEMD,2026-09-10,highest_temperature,C,4356372,madrid|2026_09_10|highest_temperature|c|lemd,exact,27.0,27.0,27.0,27°C,0.321202,0.0005,0.001,0.05,4.995e-05,0.320202,0.320152,998.95005,3,26.8667,26.4,27.7,0.7234,20.0,2026-09-10T21:30:00.000Z,PAPER_BUY,model_probability=0.3212; entry=0.0010; gross_edge=0.3202; fee=0.00005; net_ev=0.3202; entry_source=ask; fee_source=market
2026-09-10T21:54:54.617368+00:00,Chongqing,ZUCK,2026-09-11,lowest_temperature,C,4399298,chongqing|2026_09_11|lowest_temperature|c|zuck,exact,20.0,20.0,20.0,20°C,0.320151,0.0005,0.001,0.05,4.995e-05,0.319151,0.319101,998.95005,3,19.8333,19.6,20.2,0.3215,20.0,2026-09-10T21:00:00.000Z,PAPER_BUY,model_probability=0.3202; entry=0.0010; gross_edge=0.3192; fee=0.00005; net_ev=0.3191; entry_source=ask; fee_source=market
2026-09-10T21:54:54.619140+00:00,Qingdao,ZSQD,2026-09-11,lowest_temperature,C,4399451,qingdao|2026_09_11|lowest_temperature|c|zsqd,exact,15.0,15.0,15.0,15°C,0.318872,0.0005,0.001,0.05,4.995e-05,0.317872,0.317822,998.95005,3,14.8,13.8,15.8,1.0,14.0,2026-09-10T21:00:00.000Z,PAPER_BUY,model_probability=0.3189; entry=0.0010; gross_edge=0.3179; fee=0.00005; net_ev=0.3178; entry_source=ask; fee_source=market
2026-09-10T21:54:54.612524+00:00,Austin,KAUS,2026-09-10,highest_temperature,F,4359158,austin|2026_09_10|highest_temperature|f|kaus,range,,94.0,95.0,94-95°F,0.317851,0.0005,0.001,0.05,4.995e-05,0.316851,0.316801,998.95005,3,35.9,35.5,36.7,0.6928,37.2,2026-09-10T21:00:00.000Z,PAPER_BUY,model_probability=0.3179; entry=0.0010; gross_edge=0.3169; fee=0.00005; net_ev=0.3168; entry_source=ask; fee_source=market
2026-09-10T21:54:54.608581+00:00,Warsaw,EPWA,2026-09-10,lowest_temperature,C,4355725,warsaw|2026_09_10|lowest_temperature|c|epwa,exact,13.0,13.0,13.0,13°C,0.317367,0.0005,0.001,0.05,4.995e-05,0.316367,0.316317,998.95005,3,13.2333,12.1,13.9,0.9866,11.0,2026-09-10T21:30:00.000Z,PAPER_BUY,model_probability=0.3174; entry=0.0010; gross_edge=0.3164; fee=0.00005; net_ev=0.3163; entry_source=ask; fee_source=market
2026-09-10T21:54:54.615976+00:00,Wellington,NZWN,2026-09-11,lowest_temperature,C,4399167,wellington|2026_09_11|lowest_temperature|c|nzwn,exact,7.0,7.0,7.0,7°C,0.315638,0.0005,0.001,0.05,4.995e-05,0.314638,0.314588,998.95005,3,6.7333,6.3,7.2,0.4509,11.0,2026-09-10T21:30:00.000Z,PAPER_BUY,model_probability=0.3156; entry=0.0010; gross_edge=0.3146; fee=0.00005; net_ev=0.3146; entry_source=ask; fee_source=market
2026-09-10T21:54:54.609958+00:00,Amsterdam,EHAM,2026-09-10,highest_temperature,C,4356497,amsterdam|2026_09_10|highest_temperature|c|eham,exact,19.0,19.0,19.0,19°C,0.311529,0.0005,0.001,0.05,4.995e-05,0.310529,0.310479,998.95005,3,19.3333,18.7,20.2,0.7767,16.0,2026-09-10T21:25:00.000Z,PAPER_BUY,model_probability=0.3115; entry=0.0010; gross_edge=0.3105; fee=0.00005; net_ev=0.3105; entry_source=ask; fee_source=market
2026-09-10T21:54:54.625009+00:00,Miami,KMIA,2026-09-11,lowest_temperature,F,4401773,miami|2026_09_11|lowest_temperature|f|kmia,range,,76.0,77.0,76-77°F,0.476667,0.155,0.16,0.05,0.00672,0.316667,0.309947,5.208,3,24.9333,24.4,26.0,0.9238,29.4,2026-09-10T21:00:00.000Z,PAPER_BUY,model_probability=0.4767; entry=0.1600; gross_edge=0.3167; fee=0.00672; net_ev=0.3099; entry_source=ask; fee_source=market
2026-09-10T21:54:54.613361+00:00,Seattle,KSEA,2026-09-10,highest_temperature,F,4362160,seattle|2026_09_10|highest_temperature|f|ksea,range,,68.0,69.0,68-69°F,0.412813,0.065,0.1,0.05,0.0045,0.312813,0.308313,8.955,3,21.0,20.6,21.2,0.3464,20.0,2026-09-10T21:00:00.000Z,PAPER_BUY,model_probability=0.4128; entry=0.1000; gross_edge=0.3128; fee=0.00450; net_ev=0.3083; entry_source=ask; fee_source=market
2026-09-10T21:54:54.608093+00:00,Munich,EDDM,2026-09-10,lowest_temperature,C,4355589,munich|2026_09_10|lowest_temperature|c|eddm,exact,10.0,10.0,10.0,10°C,0.309157,0.0005,0.001,0.05,4.995e-05,0.308157,0.308107,998.95005,3,9.6333,8.8,10.4,0.8021,12.0,2026-09-10T22:00:00.000Z,PAPER_BUY,model_probability=0.3092; entry=0.0010; gross_edge=0.3082; fee=0.00005; net_ev=0.3081; entry_source=ask; fee_source=market
2026-09-10T21:54:54.628987+00:00,Zhengzhou,ZHCC,2026-09-11,lowest_temperature,C,4430332,zhengzhou|2026_09_11|lowest_temperature|c|zhcc,exact,18.0,18.0,18.0,18°C,0.309157,0.0005,0.001,0.05,4.995e-05,0.308157,0.308107,998.95005,3,17.6333,17.2,18.2,0.5132,18.0,2026-09-10T21:00:00.000Z,PAPER_BUY,model_probability=0.3092; entry=0.0010; gross_edge=0.3082; fee=0.00005; net_ev=0.3081; entry_source=ask; fee_source=market
2026-09-10T21:54:54.608281+00:00,Milan,LIMC,2026-09-10,lowest_temperature,C,4355665,milan|2026_09_10|lowest_temperature|c|limc,exact,17.0,17.0,17.0,17°C,0.303802,0.0005,0.001,0.05,4.995e-05,0.302802,0.302752,998.95005,3,16.5667,16.4,16.9,0.2887,19.0,2026-09-10T21:20:00.000Z,PAPER_BUY,model_probability=0.3038; entry=0.0010; gross_edge=0.3028; fee=0.00005; net_ev=0.3028; entry_source=ask; fee_source=market
2026-09-10T21:54:54.613832+00:00,Sao Paulo,SBGR,2026-09-10,lowest_temperature,C,4363367,sao_paulo|2026_09_10|lowest_temperature|c|sbgr,exact,18.0,18.0,18.0,18°C,0.297672,0.0005,0.001,0.05,4.995e-05,0.296672,0.296622,998.95005,3,17.5,17.0,17.8,0.4359,17.0,2026-09-10T21:00:00.000Z,PAPER_BUY,model_probability=0.2977; entry=0.0010; gross_edge=0.2967; fee=0.00005; net_ev=0.2966; entry_source=ask; fee_source=market
2026-09-10T21:54:54.609369+00:00,Munich,EDDM,2026-09-10,highest_temperature,C,4356292,munich|2026_09_10|highest_temperature|c|eddm,exact,19.0,19.0,19.0,19°C,0.294331,0.0005,0.001,0.05,4.995e-05,0.293331,0.293281,998.95005,3,18.4667,17.9,18.9,0.5132,12.0,2026-09-10T22:00:00.000Z,PAPER_BUY,model_probability=0.2943; entry=0.0010; gross_edge=0.2933; fee=0.00005; net_ev=0.2933; entry_source=ask; fee_source=market
2026-09-10T21:54:54.612876+00:00,Seattle,KSEA,2026-09-10,lowest_temperature,F,4361513,seattle|2026_09_10|lowest_temperature|f|ksea,range,,60.0,61.0,60-61°F,0.290031,0.0005,0.001,0.05,4.995e-05,0.289031,0.288981,998.95005,3,14.5333,14.4,14.8,0.2309,20.0,2026-09-10T21:00:00.000Z,PAPER_BUY,model_probability=0.2900; entry=0.0010; gross_edge=0.2890; fee=0.00005; net_ev=0.2890; entry_source=ask; fee_source=market
2026-09-10T21:54:54.612228+00:00,Miami,KMIA,2026-09-10,highest_temperature,F,4359138,miami|2026_09_10|highest_temperature|f|kmia,range,,88.0,89.0,88-89°F,0.288634,0.0005,0.001,0.05,4.995e-05,0.287634,0.287584,998.95005,3,30.9667,28.9,32.0,1.7898,29.4,2026-09-10T21:00:00.000Z,PAPER_BUY,model_probability=0.2886; entry=0.0010; gross_edge=0.2876; fee=0.00005; net_ev=0.2876; entry_source=ask; fee_source=market
2026-09-10T21:54:54.608900+00:00,Cape Town,FACT,2026-09-10,lowest_temperature,C,4355891,cape_town|2026_09_10|lowest_temperature|c|fact,exact,15.0,15.0,15.0,15°C,0.287135,0.0005,0.001,0.05,4.995e-05,0.286135,0.286085,998.95005,3,14.4,13.9,15.0,0.5568,16.0,2026-09-10T21:00:00.000Z,PAPER_BUY,model_probability=0.2871; entry=0.0010; gross_edge=0.2861; fee=0.00005; net_ev=0.2861; entry_source=ask; fee_source=market
2026-09-10T21:54:54.610118+00:00,Cape Town,FACT,2026-09-10,highest_temperature,C,4356542,cape_town|2026_09_10|highest_temperature|c|fact,exact,20.0,20.0,20.0,20°C,0.287135,0.0005,0.001,0.05,4.995e-05,0.286135,0.286085,998.95005,3,19.4,19.1,19.8,0.3606,16.0,2026-09-10T21:00:00.000Z,PAPER_BUY,model_probability=0.2871; entry=0.0010; gross_edge=0.2861; fee=0.00005; net_ev=0.2861; entry_source=ask; fee_source=market
2026-09-10T21:54:54.612730+00:00,Houston,KHOU,2026-09-10,highest_temperature,F,4359173,houston|2026_09_10|highest_temperature|f|khou,range,,92.0,93.0,92-93°F,0.295101,0.0055,0.009,0.05,0.00044595,0.286101,0.285655,110.061561,3,32.3333,31.4,32.8,0.8083,30.6,2026-09-10T21:00:00.000Z,PAPER_BUY,model_probability=0.2951; entry=0.0090; gross_edge=0.2861; fee=0.00045; net_ev=0.2857; entry_source=ask; fee_source=market
2026-09-10T21:54:54.637916+00:00,Chicago,KORD,2026-09-12,highest_temperature,F,4433728,chicago|2026_09_12|highest_temperature|f|kord,range,,86.0,87.0,86-87°F,0.441823,0.135,0.15,0.05,0.006375,0.291823,0.285448,5.624167,3,29.7333,28.8,30.2,0.8083,25.0,2026-09-10T22:00:00.000Z,PAPER_BUY,model_probability=0.4418; entry=0.1500; gross_edge=0.2918; fee=0.00637; net_ev=0.2854; entry_source=ask; fee_source=market
2026-09-10T21:54:54.612366+00:00,Chicago,KORD,2026-09-10,highest_temperature,F,4359147,chicago|2026_09_10|highest_temperature|f|kord,range,,74.0,75.0,74-75°F,0.284962,0.0005,0.001,0.05,4.995e-05,0.283962,0.283912,998.95005,3,24.9333,24.4,25.2,0.4619,25.0,2026-09-10T22:00:00.000Z,PAPER_BUY,model_probability=0.2850; entry=0.0010; gross_edge=0.2840; fee=0.00005; net_ev=0.2839; entry_source=ask; fee_source=market
2026-09-10T21:54:54.639369+00:00,New York City,KLGA,2026-09-12,highest_temperature,F,4434108,new_york_city|2026_09_12|highest_temperature|f|klga,range,,82.0,83.0,82-83°F,0.366806,0.06,0.08,0.05,0.00368,0.286806,0.283126,11.454,3,27.1,25.9,27.7,1.0392,30.0,2026-09-10T21:00:00.000Z,PAPER_BUY,model_probability=0.3668; entry=0.0800; gross_edge=0.2868; fee=0.00368; net_ev=0.2831; entry_source=ask; fee_source=market
2026-09-10T21:54:54.616449+00:00,Tokyo,RJTT,2026-09-11,lowest_temperature,C,4399212,tokyo|2026_09_11|lowest_temperature|c|rjtt,exact,20.0,20.0,20.0,20°C,0.283293,0.0005,0.001,0.05,4.995e-05,0.282293,0.282243,998.95005,3,19.3667,19.0,19.6,0.3215,19.0,2026-09-10T21:30:00.000Z,PAPER_BUY,model_probability=0.2833; entry=0.0010; gross_edge=0.2823; fee=0.00005; net_ev=0.2822; entry_source=ask; fee_source=market
2026-09-10T21:54:54.639979+00:00,Denver,KBKF,2026-09-12,highest_temperature,F,4434149,denver|2026_09_12|highest_temperature|f|kbkf,range,,80.0,81.0,80-81°F,0.444992,0.125,0.16,0.05,0.00672,0.284992,0.278272,5.208,3,27.4667,27.1,28.2,0.6351,30.4,2026-09-10T21:00:00.000Z,PAPER_BUY,model_probability=0.4450; entry=0.1600; gross_edge=0.2850; fee=0.00672; net_ev=0.2783; entry_source=ask; fee_source=market
2026-09-10T21:54:54.612216+00:00,Miami,KMIA,2026-09-10,highest_temperature,F,4359137,miami|2026_09_10|highest_temperature|f|kmia,range,,86.0,87.0,86-87°F,0.27917,0.0005,0.001,0.05,4.995e-05,0.27817,0.27812,998.95005,3,30.9667,28.9,32.0,1.7898,29.4,2026-09-10T21:00:00.000Z,PAPER_BUY,model_probability=0.2792; entry=0.0010; gross_edge=0.2782; fee=0.00005; net_ev=0.2781; entry_source=ask; fee_source=market
2026-09-10T21:54:54.609799+00:00,Warsaw,EPWA,2026-09-10,highest_temperature,C,4356386,warsaw|2026_09_10|highest_temperature|c|epwa,exact,19.0,19.0,19.0,19°C,0.278795,0.0005,0.001,0.05,4.995e-05,0.277795,0.277745,998.95005,3,19.1667,17.8,20.1,1.2097,11.0,2026-09-10T21:30:00.000Z,PAPER_BUY,model_probability=0.2788; entry=0.0010; gross_edge=0.2778; fee=0.00005; net_ev=0.2777; entry_source=ask; fee_source=market
2026-09-10T21:54:54.624547+00:00,New York City,KLGA,2026-09-11,lowest_temperature,F,4401741,new_york_city|2026_09_11|lowest_temperature|f|klga,range,,68.0,69.0,68-69°F,0.441823,0.155,0.16,0.05,0.00672,0.281823,0.275103,5.208,3,19.7333,19.3,20.6,0.7506,30.0,2026-09-10T21:00:00.000Z,PAPER_BUY,model_probability=0.4418; entry=0.1600; gross_edge=0.2818; fee=0.00672; net_ev=0.2751; entry_source=ask; fee_source=market
2026-09-10T21:54:54.625855+00:00,New York City,KLGA,2026-09-11,highest_temperature,F,4402216,new_york_city|2026_09_11|highest_temperature|f|klga,range,,82.0,83.0,82-83°F,0.471114,0.185,0.19,0.05,0.007695,0.281114,0.273419,4.222658,3,27.7667,27.1,28.1,0.5774,30.0,2026-09-10T21:00:00.000Z,PAPER_BUY,model_probability=0.4711; entry=0.1900; gross_edge=0.2811; fee=0.00770; net_ev=0.2734; entry_source=ask; fee_source=market
2026-09-10T21:54:54.641010+00:00,Los Angeles,KLAX,2026-09-12,highest_temperature,F,4436807,los_angeles|2026_09_12|highest_temperature|f|klax,or_higher,88.0,88.0,,88°F or higher,0.34515,0.065,0.07,0.05,0.003255,0.27515,0.271895,13.239214,3,29.5,28.1,32.3,2.4249,31.1,2026-09-10T21:00:00.000Z,PAPER_BUY,model_probability=0.3452; entry=0.0700; gross_edge=0.2752; fee=0.00326; net_ev=0.2719; entry_source=ask; fee_source=market
2026-09-10T21:54:54.639357+00:00,New York City,KLGA,2026-09-12,highest_temperature,F,4434107,new_york_city|2026_09_12|highest_temperature|f|klga,range,,80.0,81.0,80-81°F,0.479602,0.19,0.2,0.05,0.008,0.279602,0.271602,3.96,3,27.1,25.9,27.7,1.0392,30.0,2026-09-10T21:00:00.000Z,PAPER_BUY,model_probability=0.4796; entry=0.2000; gross_edge=0.2796; fee=0.00800; net_ev=0.2716; entry_source=ask; fee_source=market
2026-09-10T21:54:54.611871+00:00,Denver,KBKF,2026-09-10,lowest_temperature,F,4358921,denver|2026_09_10|lowest_temperature|f|kbkf,range,,56.0,57.0,56-57°F,0.272314,0.0005,0.001,0.05,4.995e-05,0.271314,0.271264,998.95005,3,12.2333,11.7,13.3,0.9238,30.4,2026-09-10T21:00:00.000Z,PAPER_BUY,model_probability=0.2723; entry=0.0010; gross_edge=0.2713; fee=0.00005; net_ev=0.2713; entry_source=ask; fee_source=market
2026-09-10T21:54:54.615965+00:00,Wellington,NZWN,2026-09-11,lowest_temperature,C,4399166,wellington|2026_09_11|lowest_temperature|c|nzwn,exact,6.0,6.0,6.0,6°C,0.270887,0.0005,0.001,0.05,4.995e-05,0.269887,0.269837,998.95005,3,6.7333,6.3,7.2,0.4509,11.0,2026-09-10T21:30:00.000Z,PAPER_BUY,model_probability=0.2709; entry=0.0010; gross_edge=0.2699; fee=0.00005; net_ev=0.2698; entry_source=ask; fee_source=market
2026-09-10T21:54:54.619486+00:00,Manila,RPLL,2026-09-11,lowest_temperature,C,4399476,manila|2026_09_11|lowest_temperature|c|rpll,exact,26.0,26.0,26.0,26°C,0.270887,0.0005,0.001,0.05,4.995e-05,0.269887,0.269837,998.95005,3,25.2667,24.3,26.0,0.8737,25.0,2026-09-10T21:00:00.000Z,PAPER_BUY,model_probability=0.2709; entry=0.0010; gross_edge=0.2699; fee=0.00005; net_ev=0.2698; entry_source=ask; fee_source=market
2026-09-10T21:54:54.637562+00:00,Manila,RPLL,2026-09-12,highest_temperature,C,4431545,manila|2026_09_12|highest_temperature|c|rpll,exact,28.0,28.0,28.0,28°C,0.309157,0.025,0.04,0.05,0.00192,0.269157,0.267237,23.952,3,28.3667,27.9,29.1,0.6429,25.0,2026-09-10T21:00:00.000Z,PAPER_BUY,model_probability=0.3092; entry=0.0400; gross_edge=0.2692; fee=0.00192; net_ev=0.2672; entry_source=ask; fee_source=market
2026-09-10T21:54:54.607755+00:00,London,EGLC,2026-09-10,lowest_temperature,C,4355529,london|2026_09_10|lowest_temperature|c|eglc,or_higher,15.0,15.0,,15°C or higher,0.268256,0.0005,0.001,0.05,4.995e-05,0.267256,0.267206,998.95005,3,13.7333,12.5,14.5,1.0786,17.0,2026-09-10T22:00:00.000Z,PAPER_BUY,model_probability=0.2683; entry=0.0010; gross_edge=0.2673; fee=0.00005; net_ev=0.2672; entry_source=ask; fee_source=market
2026-09-10T21:54:54.608395+00:00,Madrid,LEMD,2026-09-10,lowest_temperature,C,4355689,madrid|2026_09_10|lowest_temperature|c|lemd,exact,12.0,12.0,12.0,12°C,0.266816,0.0005,0.001,0.05,4.995e-05,0.265816,0.265766,998.95005,3,11.9333,11.1,13.4,1.2741,20.0,2026-09-10T21:30:00.000Z,PAPER_BUY,model_probability=0.2668; entry=0.0010; gross_edge=0.2658; fee=0.00005; net_ev=0.2658; entry_source=ask; fee_source=market
2026-09-10T21:54:54.608592+00:00,Warsaw,EPWA,2026-09-10,lowest_temperature,C,4355728,warsaw|2026_09_10|lowest_temperature|c|epwa,exact,14.0,14.0,14.0,14°C,0.266485,0.0005,0.001,0.05,4.995e-05,0.265485,0.265435,998.95005,3,13.2333,12.1,13.9,0.9866,11.0,2026-09-10T21:30:00.000Z,PAPER_BUY,model_probability=0.2665; entry=0.0010; gross_edge=0.2655; fee=0.00005; net_ev=0.2654; entry_source=ask; fee_source=market
2026-09-10T21:54:54.607726+00:00,London,EGLC,2026-09-10,lowest_temperature,C,4355527,london|2026_09_10|lowest_temperature|c|eglc,exact,13.0,13.0,13.0,13°C,0.265362,0.0005,0.001,0.05,4.995e-05,0.264362,0.264312,998.95005,3,13.7333,12.5,14.5,1.0786,17.0,2026-09-10T22:00:00.000Z,PAPER_BUY,model_probability=0.2654; entry=0.0010; gross_edge=0.2644; fee=0.00005; net_ev=0.2643; entry_source=ask; fee_source=market
2026-09-10T21:54:54.620238+00:00,Wellington,NZWN,2026-09-11,highest_temperature,C,4399995,wellington|2026_09_11|highest_temperature|c|nzwn,exact,13.0,13.0,13.0,13°C,0.309157,0.0365,0.043,0.05,0.00205755,0.266157,0.264099,22.207964,3,13.3667,12.7,13.8,0.5859,11.0,2026-09-10T21:30:00.000Z,PAPER_BUY,model_probability=0.3092; entry=0.0430; gross_edge=0.2662; fee=0.00206; net_ev=0.2641; entry_source=ask; fee_source=market
2026-09-10T21:54:54.612016+00:00,Houston,KHOU,2026-09-10,lowest_temperature,F,4358931,houston|2026_09_10|lowest_temperature|f|khou,range,,74.0,75.0,74-75°F,0.284962,0.01,0.02,0.05,0.00098,0.264962,0.263982,48.951,3,24.9333,23.8,25.5,0.9815,30.6,2026-09-10T21:00:00.000Z,PAPER_BUY,model_probability=0.2850; entry=0.0200; gross_edge=0.2650; fee=0.00098; net_ev=0.2640; entry_source=ask; fee_source=market
2026-09-10T21:54:54.615074+00:00,Mexico City,MMMX,2026-09-10,highest_temperature,C,4363782,mexico_city|2026_09_10|highest_temperature|c|mmmx,exact,24.0,24.0,24.0,24°C,0.257331,0.0005,0.001,0.05,4.995e-05,0.256331,0.256281,998.95005,3,24.8333,23.8,25.6,0.9292,23.0,2026-09-10T21:45:00.000Z,PAPER_BUY,model_probability=0.2573; entry=0.0010; gross_edge=0.2563; fee=0.00005; net_ev=0.2563; entry_source=ask; fee_source=market
2026-09-10T21:54:54.613181+00:00,San Francisco,KSFO,2026-09-10,lowest_temperature,F,4361532,san_francisco|2026_09_10|lowest_temperature|f|ksfo,range,,60.0,61.0,60-61°F,0.273808,0.0105,0.02,0.05,0.00098,0.253808,0.252828,48.951,3,16.4667,15.4,18.6,1.8475,28.9,2026-09-10T21:00:00.000Z,PAPER_BUY,model_probability=0.2738; entry=0.0200; gross_edge=0.2538; fee=0.00098; net_ev=0.2528; entry_source=ask; fee_source=market
2026-09-10T21:54:54.637757+00:00,Dallas,KDAL,2026-09-12,highest_temperature,F,4433717,dallas|2026_09_12|highest_temperature|f|kdal,range,,102.0,103.0,102-103°F,0.470186,0.195,0.21,0.05,0.008295,0.260186,0.251891,3.722405,3,38.8667,38.8,38.9,0.0577,36.7,2026-09-10T21:00:00.000Z,PAPER_BUY,model_probability=0.4702; entry=0.2100; gross_edge=0.2602; fee=0.00830; net_ev=0.2519; entry_source=ask; fee_source=market
2026-09-10T21:54:54.623268+00:00,Guangzhou,ZGGG,2026-09-11,highest_temperature,C,4400278,guangzhou|2026_09_11|highest_temperature|c|zggg,exact,30.0,30.0,30.0,30°C,0.283293,0.025,0.03,0.05,0.001455,0.253293,0.251838,32.284833,3,30.6333,30.3,31.0,0.3512,25.0,2026-09-10T21:30:00.000Z,PAPER_BUY,model_probability=0.2833; entry=0.0300; gross_edge=0.2533; fee=0.00145; net_ev=0.2518; entry_source=ask; fee_source=market
2026-09-10T21:54:54.609627+00:00,Madrid,LEMD,2026-09-10,highest_temperature,C,4356371,madrid|2026_09_10|highest_temperature|c|lemd,exact,26.0,26.0,26.0,26°C,0.252597,0.0005,0.001,0.05,4.995e-05,0.251597,0.251547,998.95005,3,26.8667,26.4,27.7,0.7234,20.0,2026-09-10T21:30:00.000Z,PAPER_BUY,model_probability=0.2526; entry=0.0010; gross_edge=0.2516; fee=0.00005; net_ev=0.2515; entry_source=ask; fee_source=market
2026-09-10T21:54:54.614944+00:00,Toronto,CYYZ,2026-09-10,highest_temperature,C,4363772,toronto|2026_09_10|highest_temperature|c|cyyz,exact,26.0,26.0,26.0,26°C,0.263376,0.0065,0.013,0.05,0.00064155,0.250376,0.249735,75.873727,3,25.5,24.1,26.2,1.2124,23.0,2026-09-10T21:00:00.000Z,PAPER_BUY,model_probability=0.2634; entry=0.0130; gross_edge=0.2504; fee=0.00064; net_ev=0.2497; entry_source=ask; fee_source=market
2026-09-10T21:54:54.611405+00:00,Miami,KMIA,2026-09-10,lowest_temperature,F,4358889,miami|2026_09_10|lowest_temperature|f|kmia,range,,80.0,81.0,80-81°F,0.249755,0.0005,0.001,0.05,4.995e-05,0.248755,0.248705,998.95005,3,25.4667,25.2,26.0,0.4619,29.4,2026-09-10T21:00:00.000Z,PAPER_BUY,model_probability=0.2498; entry=0.0010; gross_edge=0.2488; fee=0.00005; net_ev=0.2487; entry_source=ask; fee_source=market
2026-09-10T21:54:54.609529+00:00,Milan,LIMC,2026-09-10,highest_temperature,C,4356359,milan|2026_09_10|highest_temperature|c|limc,exact,21.0,21.0,21.0,21°C,0.247769,0.0005,0.001,0.05,4.995e-05,0.246769,0.246719,998.95005,3,21.9,21.4,22.4,0.5,19.0,2026-09-10T21:20:00.000Z,PAPER_BUY,model_probability=0.2478; entry=0.0010; gross_edge=0.2468; fee=0.00005; net_ev=0.2467; entry_source=ask; fee_source=market
2026-09-10T21:54:54.615236+00:00,Panama City,MPMG,2026-09-10,highest_temperature,C,4363792,panama_city|2026_09_10|highest_temperature|c|mpmg,exact,29.0,29.0,29.0,29°C,0.247769,0.0005,0.001,0.05,4.995e-05,0.246769,0.246719,998.95005,3,29.9,29.5,30.3,0.4,29.0,2026-09-10T21:00:00.000Z,PAPER_BUY,model_probability=0.2478; entry=0.0010; gross_edge=0.2468; fee=0.00005; net_ev=0.2467; entry_source=ask; fee_source=market
2026-09-10T21:54:54.625867+00:00,New York City,KLGA,2026-09-11,highest_temperature,F,4402217,new_york_city|2026_09_11|highest_temperature|f|klga,range,,84.0,85.0,84-85°F,0.267272,0.01,0.02,0.05,0.00098,0.247272,0.246292,48.951,3,27.7667,27.1,28.1,0.5774,30.0,2026-09-10T21:00:00.000Z,PAPER_BUY,model_probability=0.2673; entry=0.0200; gross_edge=0.2473; fee=0.00098; net_ev=0.2463; entry_source=ask; fee_source=market
2026-09-10T21:54:54.610743+00:00,Denver,KBKF,2026-09-10,highest_temperature,F,4358682,denver|2026_09_10|highest_temperature|f|kbkf,range,,84.0,85.0,84-85°F,0.244798,0.0005,0.001,0.05,4.995e-05,0.243798,0.243748,998.95005,3,30.6667,30.6,30.8,0.1155,30.4,2026-09-10T21:00:00.000Z,PAPER_BUY,model_probability=0.2448; entry=0.0010; gross_edge=0.2438; fee=0.00005; net_ev=0.2437; entry_source=ask; fee_source=market
2026-09-10T21:54:54.624032+00:00,Atlanta,KATL,2026-09-11,highest_temperature,F,4401440,atlanta|2026_09_11|highest_temperature|f|katl,range,,86.0,87.0,86-87°F,0.429898,0.17,0.18,0.05,0.00738,0.249898,0.242518,4.514556,3,30.9,30.6,31.5,0.5196,31.7,2026-09-10T22:00:00.000Z,PAPER_BUY,model_probability=0.4299; entry=0.1800; gross_edge=0.2499; fee=0.00738; net_ev=0.2425; entry_source=ask; fee_source=market
2026-09-10T21:54:54.609182+00:00,Paris,LFPB,2026-09-10,highest_temperature,C,4356234,paris|2026_09_10|highest_temperature|c|lfpb,exact,20.0,20.0,20.0,20°C,0.242856,0.0005,0.001,0.05,4.995e-05,0.241856,0.241806,998.95005,3,20.9333,20.3,21.6,0.6506,14.0,2026-09-10T21:30:00.000Z,PAPER_BUY,model_probability=0.2429; entry=0.0010; gross_edge=0.2419; fee=0.00005; net_ev=0.2418; entry_source=ask; fee_source=market
2026-09-10T21:54:54.614752+00:00,Buenos Aires,SAEZ,2026-09-10,highest_temperature,C,4363757,buenos_aires|2026_09_10|highest_temperature|c|saez,exact,20.0,20.0,20.0,20°C,0.242856,0.0005,0.001,0.05,4.995e-05,0.241856,0.241806,998.95005,3,20.9333,20.7,21.1,0.2082,19.0,2026-09-10T21:00:00.000Z,PAPER_BUY,model_probability=0.2429; entry=0.0010; gross_edge=0.2419; fee=0.00005; net_ev=0.2418; entry_source=ask; fee_source=market
2026-09-10T21:54:54.626327+00:00,Houston,KHOU,2026-09-11,highest_temperature,F,4402247,houston|2026_09_11|highest_temperature|f|khou,range,,88.0,89.0,88-89°F,0.459122,0.2,0.21,0.05,0.008295,0.249122,0.240827,3.722405,3,31.8,31.8,31.8,0.0,30.6,2026-09-10T21:00:00.000Z,PAPER_BUY,model_probability=0.4591; entry=0.2100; gross_edge=0.2491; fee=0.00830; net_ev=0.2408; entry_source=ask; fee_source=market
2026-09-10T21:54:54.608751+00:00,Amsterdam,EHAM,2026-09-10,lowest_temperature,C,4355847,amsterdam|2026_09_10|lowest_temperature|c|eham,exact,12.0,12.0,12.0,12°C,0.241815,0.0005,0.001,0.05,4.995e-05,0.240815,0.240765,998.95005,3,12.1667,10.7,13.5,1.4048,16.0,2026-09-10T21:25:00.000Z,PAPER_BUY,model_probability=0.2418; entry=0.0010; gross_edge=0.2408; fee=0.00005; net_ev=0.2408; entry_source=ask; fee_source=market
2026-09-10T21:54:54.634839+00:00,Singapore,WSSS,2026-09-12,highest_temperature,C,4431303,singapore|2026_09_12|highest_temperature|c|wsss,exact,30.0,30.0,30.0,30°C,0.279299,0.03,0.04,0.05,0.00192,0.239299,0.237379,23.952,3,30.6667,30.1,31.0,0.4933,28.0,2026-09-10T21:30:00.000Z,PAPER_BUY,model_probability=0.2793; entry=0.0400; gross_edge=0.2393; fee=0.00192; net_ev=0.2374; entry_source=ask; fee_source=market
2026-09-10T21:54:54.623892+00:00,Dallas,KDAL,2026-09-11,highest_temperature,F,4401431,dallas|2026_09_11|highest_temperature|f|kdal,range,,98.0,99.0,98-99°F,0.482823,0.23,0.24,0.05,0.00912,0.242823,0.233703,3.128667,3,36.9,36.9,36.9,0.0,36.7,2026-09-10T21:00:00.000Z,PAPER_BUY,model_probability=0.4828; entry=0.2400; gross_edge=0.2428; fee=0.00912; net_ev=0.2337; entry_source=ask; fee_source=market
2026-09-10T21:54:54.614956+00:00,Toronto,CYYZ,2026-09-10,highest_temperature,C,4363773,toronto|2026_09_10|highest_temperature|c|cyyz,or_higher,27.0,27.0,,27°C or higher,0.236624,0.0015,0.003,0.05,0.00014955,0.233624,0.233474,332.283483,3,25.5,24.1,26.2,1.2124,23.0,2026-09-10T21:00:00.000Z,PAPER_BUY,model_probability=0.2366; entry=0.0030; gross_edge=0.2336; fee=0.00015; net_ev=0.2335; entry_source=ask; fee_source=market
2026-09-10T21:54:54.613713+00:00,San Francisco,KSFO,2026-09-10,highest_temperature,F,4362188,san_francisco|2026_09_10|highest_temperature|f|ksfo,range,,86.0,87.0,86-87°F,0.275267,0.03,0.04,0.05,0.00192,0.235267,0.233347,23.952,3,30.0,28.9,32.2,1.9053,28.9,2026-09-10T21:00:00.000Z,PAPER_BUY,model_probability=0.2753; entry=0.0400; gross_edge=0.2353; fee=0.00192; net_ev=0.2333; entry_source=ask; fee_source=market
2026-09-10T21:54:54.613949+00:00,Buenos Aires,SAEZ,2026-09-10,lowest_temperature,C,4363375,buenos_aires|2026_09_10|lowest_temperature|c|saez,exact,8.0,8.0,8.0,8°C,0.232811,0.0005,0.001,0.05,4.995e-05,0.231811,0.231761,998.95005,3,9.0,8.6,9.2,0.3464,19.0,2026-09-10T21:00:00.000Z,PAPER_BUY,model_probability=0.2328; entry=0.0010; gross_edge=0.2318; fee=0.00005; net_ev=0.2318; entry_source=ask; fee_source=market
2026-09-10T21:54:54.613971+00:00,Buenos Aires,SAEZ,2026-09-10,lowest_temperature,C,4363377,buenos_aires|2026_09_10|lowest_temperature|c|saez,exact,10.0,10.0,10.0,10°C,0.232811,0.0005,0.001,0.05,4.995e-05,0.231811,0.231761,998.95005,3,9.0,8.6,9.2,0.3464,19.0,2026-09-10T21:00:00.000Z,PAPER_BUY,model_probability=0.2328; entry=0.0010; gross_edge=0.2318; fee=0.00005; net_ev=0.2318; entry_source=ask; fee_source=market
2026-09-10T21:54:54.628867+00:00,Panama City,MPMG,2026-09-11,highest_temperature,C,4405146,panama_city|2026_09_11|highest_temperature|c|mpmg,exact,30.0,30.0,30.0,30°C,0.272877,0.035,0.04,0.05,0.00192,0.232877,0.230957,23.952,3,30.4333,29.7,31.8,1.1846,29.0,2026-09-10T21:00:00.000Z,PAPER_BUY,model_probability=0.2729; entry=0.0400; gross_edge=0.2329; fee=0.00192; net_ev=0.2310; entry_source=ask; fee_source=market
2026-09-10T21:54:54.620077+00:00,Ankara,LTAC,2026-09-11,highest_temperature,C,4399985,ankara|2026_09_11|highest_temperature|c|ltac,exact,29.0,29.0,29.0,29°C,0.261963,0.025,0.03,0.05,0.001455,0.231963,0.230508,32.284833,3,29.8,29.3,30.4,0.5568,17.0,2026-09-10T21:20:00.000Z,PAPER_BUY,model_probability=0.2620; entry=0.0300; gross_edge=0.2320; fee=0.00145; net_ev=0.2305; entry_source=ask; fee_source=market
2026-09-10T21:54:54.610619+00:00,Atlanta,KATL,2026-09-10,highest_temperature,F,4358674,atlanta|2026_09_10|highest_temperature|f|katl,range,,92.0,93.0,92-93°F,0.249755,0.01,0.02,0.05,0.00098,0.229755,0.228775,48.951,3,32.1333,31.8,32.3,0.2887,31.7,2026-09-10T22:00:00.000Z,PAPER_BUY,model_probability=0.2498; entry=0.0200; gross_edge=0.2298; fee=0.00098; net_ev=0.2288; entry_source=ask; fee_source=market
2026-09-10T21:54:54.624398+00:00,Denver,KBKF,2026-09-11,highest_temperature,F,4401464,denver|2026_09_11|highest_temperature|f|kbkf,range,,88.0,89.0,88-89°F,0.466145,0.215,0.23,0.05,0.008855,0.236145,0.22729,3.309326,3,31.7333,31.5,32.2,0.4041,30.4,2026-09-10T21:00:00.000Z,PAPER_BUY,model_probability=0.4661; entry=0.2300; gross_edge=0.2361; fee=0.00886; net_ev=0.2273; entry_source=ask; fee_source=market
2026-09-10T21:54:54.611256+00:00,Atlanta,KATL,2026-09-10,lowest_temperature,F,4358879,atlanta|2026_09_10|lowest_temperature|f|katl,range,,74.0,75.0,74-75°F,0.227667,0.0005,0.001,0.05,4.995e-05,0.226667,0.226617,998.95005,3,22.0333,21.1,22.5,0.8083,31.7,2026-09-10T22:00:00.000Z,PAPER_BUY,model_probability=0.2277; entry=0.0010; gross_edge=0.2267; fee=0.00005; net_ev=0.2266; entry_source=ask; fee_source=market
2026-09-10T21:54:54.613564+00:00,Los Angeles,KLAX,2026-09-10,highest_temperature,F,4362178,los_angeles|2026_09_10|highest_temperature|f|klax,range,,92.0,93.0,92-93°F,0.235561,0.0055,0.01,0.05,0.000495,0.225561,0.225066,98.9505,3,35.2,34.5,36.6,1.2124,31.1,2026-09-10T21:00:00.000Z,PAPER_BUY,model_probability=0.2356; entry=0.0100; gross_edge=0.2256; fee=0.00049; net_ev=0.2251; entry_source=ask; fee_source=market
2026-09-10T21:54:54.634389+00:00,Munich,EDDM,2026-09-12,highest_temperature,C,4431248,munich|2026_09_12|highest_temperature|c|eddm,exact,21.0,21.0,21.0,21°C,0.287135,0.045,0.06,0.05,0.00282,0.227135,0.224315,15.619667,3,21.6,21.3,21.8,0.2646,12.0,2026-09-10T22:00:00.000Z,PAPER_BUY,model_probability=0.2871; entry=0.0600; gross_edge=0.2271; fee=0.00282; net_ev=0.2243; entry_source=ask; fee_source=market
2026-09-10T21:54:54.621883+00:00,Wuhan,ZHHH,2026-09-11,highest_temperature,C,4400156,wuhan|2026_09_11|highest_temperature|c|zhhh,exact,27.0,27.0,27.0,27°C,0.306579,0.075,0.08,0.05,0.00368,0.226579,0.222899,11.454,3,27.4,27.2,27.6,0.2,18.0,2026-09-10T21:00:00.000Z,PAPER_BUY,model_probability=0.3066; entry=0.0800; gross_edge=0.2266; fee=0.00368; net_ev=0.2229; entry_source=ask; fee_source=market
2026-09-10T21:54:54.637769+00:00,Dallas,KDAL,2026-09-12,highest_temperature,F,4433718,dallas|2026_09_12|highest_temperature|f|kdal,range,,104.0,105.0,104-105°F,0.264756,0.03,0.04,0.05,0.00192,0.224756,0.222836,23.952,3,38.8667,38.8,38.9,0.0577,36.7,2026-09-10T21:00:00.000Z,PAPER_BUY,model_probability=0.2648; entry=0.0400; gross_edge=0.2248; fee=0.00192; net_ev=0.2228; entry_source=ask; fee_source=market
2026-09-10T21:54:54.624997+00:00,Miami,KMIA,2026-09-11,lowest_temperature,F,4401772,miami|2026_09_11|lowest_temperature|f|kmia,range,,74.0,75.0,74-75°F,0.284962,0.03,0.06,0.05,0.00282,0.224962,0.222142,15.619667,3,24.9333,24.4,26.0,0.9238,29.4,2026-09-10T21:00:00.000Z,PAPER_BUY,model_probability=0.2850; entry=0.0600; gross_edge=0.2250; fee=0.00282; net_ev=0.2221; entry_source=ask; fee_source=market
2026-09-10T21:54:54.609205+00:00,Paris,LFPB,2026-09-10,highest_temperature,C,4356236,paris|2026_09_10|highest_temperature|c|lfpb,exact,22.0,22.0,22.0,22°C,0.222532,0.0005,0.001,0.05,4.995e-05,0.221532,0.221482,998.95005,3,20.9333,20.3,21.6,0.6506,14.0,2026-09-10T21:30:00.000Z,PAPER_BUY,model_probability=0.2225; entry=0.0010; gross_edge=0.2215; fee=0.00005; net_ev=0.2215; entry_source=ask; fee_source=market
2026-09-10T21:54:54.638005+00:00,New York City,KLGA,2026-09-12,lowest_temperature,F,4433891,new_york_city|2026_09_12|lowest_temperature|f|klga,range,,58.0,59.0,58-59°F,0.241687,0.01,0.02,0.05,0.00098,0.221687,0.220707,48.951,3,16.2667,15.6,17.6,1.1547,30.0,2026-09-10T21:00:00.000Z,PAPER_BUY,model_probability=0.2417; entry=0.0200; gross_edge=0.2217; fee=0.00098; net_ev=0.2207; entry_source=ask; fee_source=market
2026-09-10T21:54:54.637573+00:00,Manila,RPLL,2026-09-12,highest_temperature,C,4431546,manila|2026_09_12|highest_temperature|c|rpll,exact,29.0,29.0,29.0,29°C,0.283293,0.05,0.06,0.05,0.00282,0.223293,0.220473,15.619667,3,28.3667,27.9,29.1,0.6429,25.0,2026-09-10T21:00:00.000Z,PAPER_BUY,model_probability=0.2833; entry=0.0600; gross_edge=0.2233; fee=0.00282; net_ev=0.2205; entry_source=ask; fee_source=market
2026-09-10T21:54:54.614774+00:00,Buenos Aires,SAEZ,2026-09-10,highest_temperature,C,4363759,buenos_aires|2026_09_10|highest_temperature|c|saez,exact,22.0,22.0,22.0,22°C,0.222532,0.0015,0.003,0.05,0.00014955,0.219532,0.219383,332.283483,3,20.9333,20.7,21.1,0.2082,19.0,2026-09-10T21:00:00.000Z,PAPER_BUY,model_probability=0.2225; entry=0.0030; gross_edge=0.2195; fee=0.00015; net_ev=0.2194; entry_source=ask; fee_source=market
2026-09-10T21:54:54.623904+00:00,Dallas,KDAL,2026-09-11,highest_temperature,F,4401432,dallas|2026_09_11|highest_temperature|f|kdal,range,,100.0,101.0,100-101°F,0.322873,0.085,0.1,0.05,0.0045,0.222873,0.218373,8.955,3,36.9,36.9,36.9,0.0,36.7,2026-09-10T21:00:00.000Z,PAPER_BUY,model_probability=0.3229; entry=0.1000; gross_edge=0.2229; fee=0.00450; net_ev=0.2184; entry_source=ask; fee_source=market
2026-09-10T21:54:54.638029+00:00,New York City,KLGA,2026-09-12,lowest_temperature,F,4433893,new_york_city|2026_09_12|lowest_temperature|f|klga,range,,62.0,63.0,62-63°F,0.393503,0.16,0.17,0.05,0.007055,0.223503,0.216448,4.840853,3,16.2667,15.6,17.6,1.1547,30.0,2026-09-10T21:00:00.000Z,PAPER_BUY,model_probability=0.3935; entry=0.1700; gross_edge=0.2235; fee=0.00706; net_ev=0.2164; entry_source=ask; fee_source=market
2026-09-10T21:54:54.609018+00:00,London,EGLC,2026-09-10,highest_temperature,C,4356223,london|2026_09_10|highest_temperature|c|eglc,exact,19.0,19.0,19.0,19°C,0.217326,0.0005,0.001,0.05,4.995e-05,0.216326,0.216276,998.95005,3,20.1,19.0,20.9,0.9849,17.0,2026-09-10T22:00:00.000Z,PAPER_BUY,model_probability=0.2173; entry=0.0010; gross_edge=0.2163; fee=0.00005; net_ev=0.2163; entry_source=ask; fee_source=market
